Date_Scraping;Ticker;Nom_Canonique;Exercice;Statut;Date_Detachement;Date_Paiement;Montant_Net_FCFA;Rendement_Pct;Avis_URL;Avis_Path;Sources
2026-05-20;ONTBF.bf;ONATEL BF;2025;A venir;2026-06-12;2026-06-15;145,3214;6,33;https://www.brvm.org/sites/default/files/20260519_-_avis_ndeg137_brvmdg_-_paiement_de_dividendes_-_onatel_bf.pdf;data/avis_dividendes/ONTBF.bf/2025_20260519_-_avis_ndeg137_brvmdg_-_paiement_de_dividendes_-_onatel_bf.pdf;brvm.org,sikafinance.com
2026-05-20;BOAM.ml;BANK OF AFRICA MALI;2025;A venir;2026-06-02;2026-06-03;305,04;16,14;https://www.brvm.org/sites/default/files/20260511_-_avis_ndeg129_brvmdg_-_paiement_de_dividendes_exo_2025_-_boam.pdf;data/avis_dividendes/BOAM.ml/2025_20260511_-_avis_ndeg129_brvmdg_-_paiement_de_dividendes_exo_2025_-_boam.pdf;brvm.org,sikafinance.com
2026-05-20;BOAS.sn;BANK OF AFRICA SENEGAL;2025;A venir;2026-05-29;2026-06-01;450,0;14,29;https://www.brvm.org/sites/default/files/20260508_-_avis_ndeg122_brvmdg_-_paiement_de_dividendes_exo_2025_-_boa_sn.pdf;data/avis_dividendes/BOAS.sn/2025_20260508_-_avis_ndeg122_brvmdg_-_paiement_de_dividendes_exo_2025_-_boa_sn.pdf;brvm.org,sikafinance.com
2026-05-20;CABC.ci;SICABLE CI;2025;A venir;2026-05-29;2026-06-01;152,02;14,62;https://www.brvm.org/sites/default/files/20260513-_avis_ndeg134_brvmdg_-_paiement_de_dividendes_exercice_2025_-_sicable_ci.pdf;data/avis_dividendes/CABC.ci/2025_20260513-_avis_ndeg134_brvmdg_-_paiement_de_dividendes_exercice_2025_-_sicable_ci.pdf;brvm.org,sikafinance.com
2026-05-20;BOAB.bj;BANK OF AFRICA BENIN;2025;A venir;2026-05-22;2026-05-26;585,0;15,88;https://www.brvm.org/sites/default/files/20260508_-_avis_ndeg121_brvmdg_-_paiement_de_dividendes_exo_2025_-_boab.pdf;data/avis_dividendes/BOAB.bj/2025_20260508_-_avis_ndeg121_brvmdg_-_paiement_de_dividendes_exo_2025_-_boab.pdf;brvm.org,sikafinance.com
2026-05-20;ECOC.ci;ECOBANK CI;2025;A venir;2026-05-22;2026-05-26;888,0;8,88;https://www.brvm.org/sites/default/files/20260508_-_avis_ndeg128_brvmdg_-_paiement_de_dividendes_-_exercice_2025_-_ecobank_ci.pdf;data/avis_dividendes/ECOC.ci/2025_20260508_-_avis_ndeg128_brvmdg_-_paiement_de_dividendes_-_exercice_2025_-_ecobank_ci.pdf;brvm.org,sikafinance.com
2026-05-20;SNTS.sn;SONATEL;2025;A venir;2026-05-22;2026-05-26;1740,0;7,25;https://www.brvm.org/sites/default/files/20260423_-_avis_ndeg111_brvmdg_-_paiement_de_dividendes_exo_2025_-_sonatel_sn.pdf;data/avis_dividendes/SNTS.sn/2025_20260423_-_avis_ndeg111_brvmdg_-_paiement_de_dividendes_exo_2025_-_sonatel_sn.pdf;brvm.org,sikafinance.com
2026-05-20;BOAC.ci;BANK OF AFRICA COTE D'IVOIRE;2025;Passé;2026-05-05;2026-05-06;594,528;11,9;https://www.brvm.org/sites/default/files/20260417_-_avis_ndeg102_brvmdg_-_paiement_de_dividendes_exo_2025_-_boa_ci.pdf;data/avis_dividendes/BOAC.ci/2025_20260417_-_avis_ndeg102_brvmdg_-_paiement_de_dividendes_exo_2025_-_boa_ci.pdf;brvm.org,sikafinance.com
2026-05-20;BOABF.bf;BANK OF AFRICA BURKINA FASO;2025;Passé;2026-04-22;2026-04-23;397,0;13,08;https://www.brvm.org/sites/default/files/20260331_-_avis_ndeg072_brvmdg_-_paiement_de_dividendes_exo_2025_-_boa_bf.pdf;data/avis_dividendes/BOABF.bf/2025_20260331_-_avis_ndeg072_brvmdg_-_paiement_de_dividendes_exo_2025_-_boa_bf.pdf;brvm.org,sikafinance.com
2026-05-20;ABJC.ci;SERVAIR ABIDJAN CI;2025;A préciser;;;120,97;4,24;;;sikafinance.com
2026-05-20;CBIBF.bf;CORIS BANK INTERNATIONAL BF;2025;A préciser;;;900,0;4,39;;;sikafinance.com
2026-05-20;ETIT.tg;ECOBANK TRANSNATIONAL INC TG;2025;A préciser;;;0,93;3,1;;;sikafinance.com
2026-05-20;LNBB.bj;LOTERIE NATIONALE DU BENIN;2025;A préciser;;;164,0;4,11;;;sikafinance.com
2026-05-20;NEIC.ci;NEI-CEDA CI;2025;A préciser;;;140,39;7,39;;;sikafinance.com
2026-05-20;NTLC.ci;NESTLE CI;2025;A préciser;;;369,6;3,12;;;sikafinance.com
2026-05-20;ORAC.ci;ORANGE CI;2025;A préciser;;;704,0;4,54;;;sikafinance.com
2026-05-20;PALC.ci;PALMCI;2025;A préciser;;;441,76;5,74;;;sikafinance.com
2026-05-20;PRSC.ci;TRACTAFRIC MOTORS CI;2025;A préciser;;;183,92;4,98;;;sikafinance.com
2026-05-20;SDCC.ci;SODECI;2025;A préciser;;;462,0;4,13;;;sikafinance.com
2026-05-20;SGBC.ci;SGBCI;2025;A préciser;;;2293,28;6,34;;;sikafinance.com
2026-05-20;SIBC.ci;SOCIETE IVOIRIENNE DE BANQUE CI;2025;A préciser;;;374,0;4,8;;;sikafinance.com
2026-05-20;SLBC.ci;SOLIBRA CI;2025;A préciser;;;1872,0;14,45;;;sikafinance.com
2026-05-20;SMBC.ci;SMB CI;2025;A préciser;;;704,0;5,63;;;sikafinance.com
2026-05-20;SOGC.ci;SOGB;2025;A préciser;;;502,0;10,88;;;sikafinance.com
2026-05-20;SPHC.ci;SAPH CI;2025;A préciser;;;430,32;6,28;;;sikafinance.com
2026-05-20;TTLC.ci;VIVO ENERGY CI;2025;A préciser;;;139,77;4,82;;;sikafinance.com
2026-05-20;TTLS.sn;VIVO ENERGY SENEGAL;2025;A préciser;;;169,81;5,57;;;sikafinance.com
2026-05-20;SHEC.ci;VIVO ENERGY CI;2024;Passé;2025-10-20;2025-10-22;85,56;9,49;https://www.brvm.org/sites/default/files/20250930_-_avis_ndeg240_brvmdg_-_paiement_de_dividendes_exo_2024_-_vivo_energy_ci.pdf;data/avis_dividendes/SHEC.ci/2024_20250930_-_avis_ndeg240_brvmdg_-_paiement_de_dividendes_exo_2024_-_vivo_energy_ci.pdf;brvm.org,sikafinance.com
2026-05-20;FTSC.ci;FILTISAC CI;2024;Passé;2025-09-26;2025-09-30;1320,0;93,83;https://www.brvm.org/sites/default/files/20250916_-_avis_ndeg230_brvmdg_-_paiement_de_dividendes_exercice_2024_et_paiement_de_dividendes_exceptionnels_-_filtisac_ci_0.pdf;data/avis_dividendes/FTSC.ci/2024_20250916_-_avis_ndeg230_brvmdg_-_paiement_de_dividendes_exercice_2024_et_paiement_de_dividendes_exceptionnels_-_filtisac_ci_0.pdf;brvm.org,sikafinance.com
2026-05-20;PRSC.ci;TRACTAFRIC MOTORS CI;2024;Passé;2025-09-26;2025-09-30;207,0;9,59;https://www.brvm.org/sites/default/files/20250911_-_avis_ndeg223_brvmdg_-_paiement_de_dividendes_exo_2024_-_tractafric_motors_ci.pdf;data/avis_dividendes/PRSC.ci/2024_20250911_-_avis_ndeg223_brvmdg_-_paiement_de_dividendes_exo_2024_-_tractafric_motors_ci.pdf;brvm.org,sikafinance.com
2026-05-20;SDCC.ci;SODECI;2024;Passé;2025-09-26;2025-09-30;352,0;7,38;https://www.brvm.org/sites/default/files/20240821_-_avis_ndeg206_brvmdg_-_paiement_de_dividendes_exercice_2024_-_sode_ci.pdf;data/avis_dividendes/SDCC.ci/2024_20240821_-_avis_ndeg206_brvmdg_-_paiement_de_dividendes_exercice_2024_-_sode_ci.pdf;brvm.org,sikafinance.com
2026-05-20;BICB.bj;BANQUE INTERNATIONALE INDUSTRIES COMMERCE BENIN;2024;Passé;2025-09-11;2025-09-15;254,6;;https://www.brvm.org/sites/default/files/20250828_-_avis_ndeg212_brvmdg_-_paiement_de_dividendes_exo_2024_-_biic_bn.pdf;data/avis_dividendes/BICB.bj/2024_20250828_-_avis_ndeg212_brvmdg_-_paiement_de_dividendes_exo_2024_-_biic_bn.pdf;brvm.org,sikafinance.com
2026-05-20;SMBC.ci;SMB CI;2024;Passé;2025-09-11;2025-09-15;616,0;5,85;https://www.brvm.org/sites/default/files/20250827_-_avis_ndeg211_brvmdg_-_paiement_de_dividendes_exercice_2024_-_smb_ci.pdf;data/avis_dividendes/SMBC.ci/2024_20250827_-_avis_ndeg211_brvmdg_-_paiement_de_dividendes_exercice_2024_-_smb_ci.pdf;brvm.org,sikafinance.com
2026-05-20;PALC.ci;PALMCI;2024;Passé;2025-09-08;2025-09-10;513,012;6,68;https://www.brvm.org/sites/default/files/20250825_-_avis_ndeg209_brvmdg_-_paiement_de_dividendes_exo_2024_-_palm_ci.pdf;data/avis_dividendes/PALC.ci/2024_20250825_-_avis_ndeg209_brvmdg_-_paiement_de_dividendes_exo_2024_-_palm_ci.pdf;brvm.org,sikafinance.com
2026-05-20;TTLC.ci;VIVO ENERGY CI;2024;Passé;2025-09-01;2025-09-03;222,3578;10,87;https://www.brvm.org/sites/default/files/20250820_-_avis_ndeg205_brvmdg_-_paiement_de_dividendes_exo_2024_-_totalenergies_marketing_ci.pdf;data/avis_dividendes/TTLC.ci/2024_20250820_-_avis_ndeg205_brvmdg_-_paiement_de_dividendes_exo_2024_-_totalenergies_marketing_ci.pdf;brvm.org,sikafinance.com
2026-05-20;SDSC.ci;AFRICA GLOBAL LOGISTICS CI;2024;Passé;2025-08-27;2025-08-29;92,0;6,81;https://www.brvm.org/sites/default/files/20250811_-_avis_ndeg198_brvmdg_-_paiement_de_dividendes_exo_2024_-_agl_ci.pdf;data/avis_dividendes/SDSC.ci/2024_20250811_-_avis_ndeg198_brvmdg_-_paiement_de_dividendes_exo_2024_-_agl_ci.pdf;brvm.org,sikafinance.com
2026-05-20;STBC.ci;SITAB CI;2024;Passé;2025-08-27;2025-08-29;2375,0;35,16;https://www.brvm.org/sites/default/files/20250814_-_avis_ndeg200_brvmdg_-_paiement_de_dividendes_exercice_2024_-_sitab_ci-.pdf;data/avis_dividendes/STBC.ci/2024_20250814_-_avis_ndeg200_brvmdg_-_paiement_de_dividendes_exercice_2024_-_sitab_ci-.pdf;brvm.org,sikafinance.com
2026-05-20;CFAC.ci;CFAO MOTORS CI;2024;Passé;2025-08-14;2025-08-19;7,0;0,84;https://www.brvm.org/sites/default/files/20250801_-_avis_ndeg188_brvmdg_-_paiement_de_dividendes_exo_2024_-_cfao_motors_ci.pdf;data/avis_dividendes/CFAC.ci/2024_20250801_-_avis_ndeg188_brvmdg_-_paiement_de_dividendes_exo_2024_-_cfao_motors_ci.pdf;brvm.org,sikafinance.com
2026-05-20;NTLC.ci;NESTLE CI;2024;Passé;2025-08-13;2025-08-18;820,0;9,78;https://www.brvm.org/sites/default/files/20250704_-_avis_ndeg152_brvmdg_-_paiement_de_dividendes_exo_2024_-_nestle_ci.pdf;data/avis_dividendes/NTLC.ci/2024_20250704_-_avis_ndeg152_brvmdg_-_paiement_de_dividendes_exo_2024_-_nestle_ci.pdf;brvm.org,sikafinance.com
2026-05-20;SGBC.ci;SGBCI;2024;Passé;2025-08-01;2025-08-05;1863,0;10,21;https://www.brvm.org/sites/default/files/20250702_-_avis_ndeg149_brvmdg_-_paiement_de_dividendes_exercice_2024_-_societe_generale_ci.pdf;data/avis_dividendes/SGBC.ci/2024_20250702_-_avis_ndeg149_brvmdg_-_paiement_de_dividendes_exercice_2024_-_societe_generale_ci.pdf;brvm.org,sikafinance.com
2026-05-20;CIEC.ci;CIE CI;2024;Passé;2025-07-29;2025-07-31;180,0;9,32;https://www.brvm.org/sites/default/files/20250711_-_avis_ndeg163_brvmdg_-_paiement_de_dividendes_exercice_2024_-_cie_ci.pdf;data/avis_dividendes/CIEC.ci/2024_20250711_-_avis_ndeg163_brvmdg_-_paiement_de_dividendes_exercice_2024_-_cie_ci.pdf;brvm.org,sikafinance.com
2026-05-20;LNBB.bj;LOTERIE NATIONALE DU BENIN;2024;Passé;2025-07-29;2025-07-31;275,5;;https://www.brvm.org/sites/default/files/20250714_-_avis_ndeg165_brvmdg_-_paiement_de_dividendes_exo_2024_-_loterie_nationale_du_benin_-_lnbb_-_rectificatif.pdf;data/avis_dividendes/LNBB.bj/2024_20250714_-_avis_ndeg165_brvmdg_-_paiement_de_dividendes_exo_2024_-_loterie_nationale_du_benin_-_lnbb_-_rectificatif.pdf;brvm.org,sikafinance.com
2026-05-20;SIBC.ci;SOCIETE IVOIRIENNE DE BANQUE CI;2024;Passé;2025-07-29;2025-07-31;375,0;12,34;https://www.brvm.org/sites/default/files/20250711_-_avis_ndeg161_brvmdg_-_paiement_de_dividendes_exercice_2024_-_sib_ci.pdf;data/avis_dividendes/SIBC.ci/2024_20250711_-_avis_ndeg161_brvmdg_-_paiement_de_dividendes_exercice_2024_-_sib_ci.pdf;brvm.org,sikafinance.com
2026-05-20;SLBC.ci;SOLIBRA CI;2024;Passé;2025-07-25;2025-07-29;1220,0;12,34;https://www.brvm.org/sites/default/files/20250715_-_avis_ndeg167_brvmdg_-_paiement_de_dividendes_exo_2024_-_solibra_ci.pdf;data/avis_dividendes/SLBC.ci/2024_20250715_-_avis_ndeg167_brvmdg_-_paiement_de_dividendes_exo_2024_-_solibra_ci.pdf;brvm.org,sikafinance.com
2026-05-20;ONTBF.bf;ONATEL BF;2024;Passé;2025-07-17;2025-07-21;189,5299;8,55;https://www.brvm.org/sites/default/files/20250625_-_avis_ndeg143_brvmdg_-_paiement_de_dividendes_-_onatel_bf.pdf;data/avis_dividendes/ONTBF.bf/2024_20250625_-_avis_ndeg143_brvmdg_-_paiement_de_dividendes_-_onatel_bf.pdf;brvm.org,sikafinance.com
2026-05-20;SPHC.ci;SAPH CI;2024;Passé;2025-07-15;2025-07-17;368,0;13,79;https://www.brvm.org/sites/default/files/20250703_-_avis_ndeg150_brvmdg_-_paiement_de_dividendes_exo_2024_-_saph_ci.pdf;data/avis_dividendes/SPHC.ci/2024_20250703_-_avis_ndeg150_brvmdg_-_paiement_de_dividendes_exo_2024_-_saph_ci.pdf;brvm.org,sikafinance.com
2026-05-20;SOGC.ci;SOGB;2024;Passé;2025-07-11;2025-07-15;600,0;16,15;https://www.brvm.org/sites/default/files/20250701_-_avis_ndeg146_brvmdg_-_paiement_de_dividendes_exercice_2024_-_sogb_ci.pdf;data/avis_dividendes/SOGC.ci/2024_20250701_-_avis_ndeg146_brvmdg_-_paiement_de_dividendes_exercice_2024_-_sogb_ci.pdf;brvm.org,sikafinance.com
2026-05-20;TTLS.sn;VIVO ENERGY SENEGAL;2024;Passé;2025-07-09;2025-07-11;222,4;8,9;https://www.brvm.org/sites/default/files/20250618_-_avis_ndeg138_brvmdg_-_paiement_de_dividendes_exercice_2024_-_total_sn.pdf;data/avis_dividendes/TTLS.sn/2024_20250618_-_avis_ndeg138_brvmdg_-_paiement_de_dividendes_exercice_2024_-_total_sn.pdf;brvm.org,sikafinance.com
2026-05-20;NSBC.ci;NSIA BANQUE CI;2024;Passé;2025-07-07;2025-07-09;759,2612;11,18;https://www.brvm.org/sites/default/files/20250624_-_avis_ndeg141_brvmdg_-_paiement_de_dividendes_exercice_2024_-_nsia_banque_ci.pdf;data/avis_dividendes/NSBC.ci/2024_20250624_-_avis_ndeg141_brvmdg_-_paiement_de_dividendes_exercice_2024_-_nsia_banque_ci.pdf;brvm.org,sikafinance.com
2026-05-20;CBIBF.bf;CORIS BANK INTERNATIONAL BF;2024;Passé;2025-07-03;2025-07-07;555,0;5,97;https://www.brvm.org/sites/default/files/20250619_-_avis_ndeg140_brvmdg_-_paiement_de_dividendes_exo_2024_-_cbibf.pdf;data/avis_dividendes/CBIBF.bf/2024_20250619_-_avis_ndeg140_brvmdg_-_paiement_de_dividendes_exo_2024_-_cbibf.pdf;brvm.org,sikafinance.com
2026-05-20;ORAC.ci;ORANGE CI;2024;Passé;2025-06-05;2025-06-11;750,0;6,06;https://www.brvm.org/sites/default/files/20250522_-_avis_ndeg118_brvmdg_-_paiement_de_dividendes_-_exercice_2024_-_orange_ci.pdf;data/avis_dividendes/ORAC.ci/2024_20250522_-_avis_ndeg118_brvmdg_-_paiement_de_dividendes_-_exercice_2024_-_orange_ci.pdf;brvm.org,sikafinance.com
2026-05-20;BOAB.bj;BANK OF AFRICA BENIN;2024;Passé;2025-05-30;2025-06-03;468,0;14,72;https://www.brvm.org/sites/default/files/20250519_-_avis_ndeg113_brvmdg_-_paiement_de_dividendes_exo_2024_-_boab.pdf;data/avis_dividendes/BOAB.bj/2024_20250519_-_avis_ndeg113_brvmdg_-_paiement_de_dividendes_exo_2024_-_boab.pdf;brvm.org,sikafinance.com
2026-05-20;BOAM.ml;BANK OF AFRICA MALI;2024;Passé;2025-05-30;2025-06-03;237,15;24,12;https://www.brvm.org/sites/default/files/20250617_-_avis_ndeg137_brvmdg_-_paiement_de_dividendes_exo_2024_-_boam_modification_du_montant_du_dividence.pdf;data/avis_dividendes/BOAM.ml/2024_20250617_-_avis_ndeg137_brvmdg_-_paiement_de_dividendes_exo_2024_-_boam_modification_du_montant_du_dividence.pdf;brvm.org,sikafinance.com
2026-05-20;BOAN.ne;BANK OF AFRICA NIGER;2024;Passé;2025-05-30;2025-06-03;209,25;6,21;https://www.brvm.org/sites/default/files/20250519_-_avis_ndeg112_brvmdg_-_paiement_de_dividendes_exo_2024_-_boan.pdf;data/avis_dividendes/BOAN.ne/2024_20250519_-_avis_ndeg112_brvmdg_-_paiement_de_dividendes_exo_2024_-_boan.pdf;brvm.org,sikafinance.com
2026-05-20;BOAS.sn;BANK OF AFRICA SENEGAL;2024;Passé;2025-05-28;2025-06-02;350,0;16,41;https://www.brvm.org/sites/default/files/20250515_-_avis_ndeg108_brvmdg_-_paiement_de_dividendes_exo_2024_-_boa_sn.pdf;data/avis_dividendes/BOAS.sn/2024_20250515_-_avis_ndeg108_brvmdg_-_paiement_de_dividendes_exo_2024_-_boa_sn.pdf;brvm.org,sikafinance.com
2026-05-20;CABC.ci;SICABLE CI;2024;Passé;2025-05-28;2025-06-02;128,1;10,16;https://www.brvm.org/sites/default/files/20250516_-_avis_ndeg109_brvmdg_-_paiement_de_dividendes_exercice_2024_-_sicable_ci.pdf;data/avis_dividendes/CABC.ci/2024_20250516_-_avis_ndeg109_brvmdg_-_paiement_de_dividendes_exercice_2024_-_sicable_ci.pdf;brvm.org,sikafinance.com
2026-05-20;ECOC.ci;ECOBANK CI;2024;Passé;2025-05-31;2025-05-30;804,0;10,41;https://www.brvm.org/sites/default/files/20240515_-_avis_ndeg107_brvmdg_-_paiement_de_dividendes_-_exercice_2024_-_ecobank_ci.pdf;data/avis_dividendes/ECOC.ci/2024_20240515_-_avis_ndeg107_brvmdg_-_paiement_de_dividendes_-_exercice_2024_-_ecobank_ci.pdf;brvm.org,sikafinance.com
2026-05-20;BICC.ci;BICICI;2024;Passé;2025-05-21;2025-05-23;944,0;11,09;https://www.brvm.org/sites/default/files/20250502_-_avis_ndeg090_brvmdg_-_paiement_de_dividendes_exercice_2024_-_bicici.pdf;data/avis_dividendes/BICC.ci/2024_20250502_-_avis_ndeg090_brvmdg_-_paiement_de_dividendes_exercice_2024_-_bicici.pdf;brvm.org,sikafinance.com
2026-05-20;SNTS.sn;SONATEL;2024;Passé;2025-05-20;2025-05-22;1655,0;9,2;https://www.brvm.org/sites/default/files/20250418_-_avis_ndeg082_brvmdg_-_paiement_de_dividendes_exo_2024_-_sonatel.pdf;data/avis_dividendes/SNTS.sn/2024_20250418_-_avis_ndeg082_brvmdg_-_paiement_de_dividendes_exo_2024_-_sonatel.pdf;brvm.org,sikafinance.com
2026-05-20;BOAC.ci;BANK OF AFRICA COTE D'IVOIRE;2024;Passé;2025-05-16;2025-05-20;469,0;13,31;https://www.brvm.org/sites/default/files/20250505_-_avis_ndeg092_brvmdg_-_paiement_de_dividendes_exo_2024_-_boa_ci.pdf;data/avis_dividendes/BOAC.ci/2024_20250505_-_avis_ndeg092_brvmdg_-_paiement_de_dividendes_exo_2024_-_boa_ci.pdf;brvm.org,sikafinance.com
2026-05-20;BOABF.bf;BANK OF AFRICA BURKINA FASO;2024;Passé;2025-04-17;2025-04-22;428,0;12,26;https://www.brvm.org/sites/default/files/20250407_-_avis_ndeg070_brvmdg_-_paiement_de_dividendes_exo_2024_-_boa_bf.pdf;data/avis_dividendes/BOABF.bf/2024_20250407_-_avis_ndeg070_brvmdg_-_paiement_de_dividendes_exo_2024_-_boa_bf.pdf;brvm.org,sikafinance.com
2026-05-20;SDSC.ci;AFRICA GLOBAL LOGISTICS CI;2023;Passé;2024-12-10;2024-12-12;92,0;6,59;https://www.brvm.org/sites/default/files/20241120_-_avis_ndeg300_brvmdg_-_paiement_de_dividendes_exo_2023_-_agl_ci.pdf;data/avis_dividendes/SDSC.ci/2023_20241120_-_avis_ndeg300_brvmdg_-_paiement_de_dividendes_exo_2023_-_agl_ci.pdf;brvm.org,sikafinance.com
2026-05-20;ABJC.ci;SERVAIR ABIDJAN CI;2023;Passé;2024-09-26;2024-09-30;206,195;15,91;https://www.brvm.org/sites/default/files/20240916_-_avis_ndeg234_brvmdg_-_paiement_de_dividendes_exo_2023_-_servair_abidjan_ci.pdf;data/avis_dividendes/ABJC.ci/2023_20240916_-_avis_ndeg234_brvmdg_-_paiement_de_dividendes_exo_2023_-_servair_abidjan_ci.pdf;brvm.org,sikafinance.com
2026-05-20;FTSC.ci;FILTISAC CI;2023;Passé;2024-09-26;2024-09-30;143,1;8,13;https://www.brvm.org/sites/default/files/20240916_-_avis_ndeg235_brvmdg_-_paiement_de_dividendes_exercice_2023_-_filtisac_ci.pdf;data/avis_dividendes/FTSC.ci/2023_20240916_-_avis_ndeg235_brvmdg_-_paiement_de_dividendes_exercice_2023_-_filtisac_ci.pdf;brvm.org,sikafinance.com
2026-05-20;SMBC.ci;SMB CI;2023;Passé;2024-09-26;2024-09-30;1080,0;15,88;https://www.brvm.org/sites/default/files/20240828_-_avis_ndeg210_brvmdg_-_paiement_de_dividendes_exercice_2023_-_smb_ci.pdf;data/avis_dividendes/SMBC.ci/2023_20240828_-_avis_ndeg210_brvmdg_-_paiement_de_dividendes_exercice_2023_-_smb_ci.pdf;brvm.org,sikafinance.com
2026-05-20;SHEC.ci;VIVO ENERGY CI;2023;Passé;2024-09-25;2024-09-27;57,0;7,6;https://www.brvm.org/sites/default/files/20240910_-_avis_ndeg225_brvmdg_-_paiement_de_dividendes_exo_2023_-_vivo_energy_ci.pdf;data/avis_dividendes/SHEC.ci/2023_20240910_-_avis_ndeg225_brvmdg_-_paiement_de_dividendes_exo_2023_-_vivo_energy_ci.pdf;brvm.org,sikafinance.com
2026-05-20;SDCC.ci;SODECI;2023;Passé;2024-09-23;2024-09-25;481,5;8,82;https://www.brvm.org/sites/default/files/20240812_-_avis_ndeg189_brvmdg_-_paiement_de_dividendes_exercice_2023_-_sode_ci.pdf;data/avis_dividendes/SDCC.ci/2023_20240812_-_avis_ndeg189_brvmdg_-_paiement_de_dividendes_exercice_2023_-_sode_ci.pdf;brvm.org,sikafinance.com
2026-05-20;PRSC.ci;TRACTAFRIC MOTORS CI;2023;Passé;2024-09-20;2024-09-24;182,7;5,73;https://www.brvm.org/sites/default/files/20240906_-_avis_ndeg221_brvmdg_-_paiement_de_dividendes_exo_2023_-_tractafric_motors_ci.pdf;data/avis_dividendes/PRSC.ci/2023_20240906_-_avis_ndeg221_brvmdg_-_paiement_de_dividendes_exo_2023_-_tractafric_motors_ci.pdf;brvm.org,sikafinance.com
2026-05-20;TTLC.ci;VIVO ENERGY CI;2023;Passé;2024-09-13;2024-09-17;199,5353;10,55;https://www.brvm.org/sites/default/files/20240905_-_avis_ndeg220_brvmdg_-_paiement_de_dividendes_exo_2023_-_total_ci_-_rectificatif.pdf;data/avis_dividendes/TTLC.ci/2023_20240905_-_avis_ndeg220_brvmdg_-_paiement_de_dividendes_exo_2023_-_total_ci_-_rectificatif.pdf;brvm.org,sikafinance.com
2026-05-20;CFAC.ci;CFAO MOTORS CI;2023;Passé;2024-08-28;2024-08-30;15,87;1,71;https://www.brvm.org/sites/default/files/20240816_-_avis_ndeg195_brvmdg_-_paiement_de_dividendes_exo_2023_-_cfao_motors_ci.pdf;data/avis_dividendes/CFAC.ci/2023_20240816_-_avis_ndeg195_brvmdg_-_paiement_de_dividendes_exo_2023_-_cfao_motors_ci.pdf;brvm.org,sikafinance.com
2026-05-20;SPHC.ci;SAPH CI;2023;Passé;2024-08-08;2024-08-12;64,8;1,3;https://www.brvm.org/sites/default/files/20240723_-_avis_ndeg169_brvmdg_-_paiement_de_dividendes_exo_2023_-_saph_ci.pdf;data/avis_dividendes/SPHC.ci/2023_20240723_-_avis_ndeg169_brvmdg_-_paiement_de_dividendes_exo_2023_-_saph_ci.pdf;brvm.org,sikafinance.com
2026-05-20;SOGC.ci;SOGB;2023;Passé;2024-08-02;2024-08-06;207,0;3,65;https://www.brvm.org/sites/default/files/20240722_-_avis_ndeg168_brvmdg_-_paiement_de_dividendes_exercice_2023_-_sogb_ci.pdf;data/avis_dividendes/SOGC.ci/2023_20240722_-_avis_ndeg168_brvmdg_-_paiement_de_dividendes_exercice_2023_-_sogb_ci.pdf;brvm.org,sikafinance.com
2026-05-20;ONTBF.bf;ONATEL BF;2023;Passé;2024-08-01;2024-07-31;266,44625;8,33;https://www.brvm.org/sites/default/files/20240705_-_avis_ndeg155_brvmdg_-_paiement_de_dividendes_-_onatel_bf.pdf;data/avis_dividendes/ONTBF.bf/2023_20240705_-_avis_ndeg155_brvmdg_-_paiement_de_dividendes_-_onatel_bf.pdf;brvm.org,sikafinance.com
2026-05-20;SIBC.ci;SOCIETE IVOIRIENNE DE BANQUE CI;2023;Passé;2024-07-29;2024-07-31;495,0;5,4;https://www.brvm.org/sites/default/files/20240715_-_avis_ndeg166_brvmdg_-_paiement_de_dividendes_exercice_2023_-_sib_ci.pdf;data/avis_dividendes/SIBC.ci/2023_20240715_-_avis_ndeg166_brvmdg_-_paiement_de_dividendes_exercice_2023_-_sib_ci.pdf;brvm.org,sikafinance.com
2026-05-20;CIEC.ci;CIE CI;2023;Passé;2024-07-26;2024-07-30;171,0;8,59;https://www.brvm.org/sites/default/files/20240710_-_avis_ndeg157_brvmdg_-_paiement_de_dividendes_exercice_2023_-_cie_ci.pdf;data/avis_dividendes/CIEC.ci/2023_20240710_-_avis_ndeg157_brvmdg_-_paiement_de_dividendes_exercice_2023_-_cie_ci.pdf;brvm.org,sikafinance.com
2026-05-20;STBC.ci;SITAB CI;2023;Passé;2024-07-25;2024-07-29;675,0;9,85;https://www.brvm.org/sites/default/files/20240712_-_avis_ndeg165_brvmdg_-_paiement_de_dividendes_exercice_2023_-_sitab_ci.pdf;data/avis_dividendes/STBC.ci/2023_20240712_-_avis_ndeg165_brvmdg_-_paiement_de_dividendes_exercice_2023_-_sitab_ci.pdf;brvm.org,sikafinance.com
2026-05-20;PALC.ci;PALMCI;2023;Passé;2024-07-24;2024-07-26;563,306;5,42;https://www.brvm.org/sites/default/files/20240702_-_avis_ndeg152_brvmdg_-_paiement_de_dividendes_exo_2023_-_palm_ci.pdf;data/avis_dividendes/PALC.ci/2023_20240702_-_avis_ndeg152_brvmdg_-_paiement_de_dividendes_exo_2023_-_palm_ci.pdf;brvm.org,sikafinance.com
2026-05-20;NTLC.ci;NESTLE CI;2023;Passé;2024-07-16;2024-07-20;675,0;8,19;https://www.brvm.org/sites/default/files/20240712_-_avis_ndeg159_brvmdg_-_paiement_de_dividendes_exo_2023_-_nestle_ci.pdf;data/avis_dividendes/NTLC.ci/2023_20240712_-_avis_ndeg159_brvmdg_-_paiement_de_dividendes_exo_2023_-_nestle_ci.pdf;brvm.org,sikafinance.com
2026-05-20;NSBC.ci;NSIA BANQUE CI;2023;Passé;2024-07-04;2024-07-08;454,829;7,62;https://www.brvm.org/sites/default/files/20240620_-_avis_ndeg143_brvmdg_-_paiement_de_dividendes_exercice_2023_-_nsia_banque_ci.pdf;data/avis_dividendes/NSBC.ci/2023_20240620_-_avis_ndeg143_brvmdg_-_paiement_de_dividendes_exercice_2023_-_nsia_banque_ci.pdf;brvm.org,sikafinance.com
2026-05-20;CBIBF.bf;CORIS BANK INTERNATIONAL BF;2023;Passé;2024-07-03;2024-07-05;790,0;9,42;https://www.brvm.org/sites/default/files/20240614_-_avis_ndeg134_brvmdg_-_paiement_de_dividendes_exo_2023_-_cbibf.pdf;data/avis_dividendes/CBIBF.bf/2023_20240614_-_avis_ndeg134_brvmdg_-_paiement_de_dividendes_exo_2023_-_cbibf.pdf;brvm.org,sikafinance.com
2026-05-20;TTLS.sn;VIVO ENERGY SENEGAL;2023;Passé;2024-06-26;2024-06-28;207,58;8,19;https://www.brvm.org/sites/default/files/20240605_-_avis_ndeg119_brvmdg_-_paiement_de_dividendes_exercice_2023_-_total_sn_-_rectificatif.pdf;data/avis_dividendes/TTLS.sn/2023_20240605_-_avis_ndeg119_brvmdg_-_paiement_de_dividendes_exercice_2023_-_total_sn_-_rectificatif.pdf;brvm.org,sikafinance.com
2026-05-20;BICC.ci;BICICI;2023;Passé;2024-06-25;2024-06-27;540,9;7,9;https://www.brvm.org/sites/default/files/20240607_-_avis_ndeg122_brvmdg_-_paiement_de_dividendes_exercice_2023_-_bicici.pdf;data/avis_dividendes/BICC.ci/2023_20240607_-_avis_ndeg122_brvmdg_-_paiement_de_dividendes_exercice_2023_-_bicici.pdf;brvm.org,sikafinance.com
2026-05-20;BOAS.sn;BANK OF AFRICA SENEGAL;2023;Passé;2024-06-25;2024-06-27;300,0;12,24;https://www.brvm.org/sites/default/files/20240612_-_avis_ndeg129_brvmdg_-_paiement_de_dividendes_exo_2023_-_boas.pdf;data/avis_dividendes/BOAS.sn/2023_20240612_-_avis_ndeg129_brvmdg_-_paiement_de_dividendes_exo_2023_-_boas.pdf;brvm.org,sikafinance.com
2026-05-20;NEIC.ci;NEI-CEDA CI;2023;Passé;2024-06-21;2024-06-25;81,78;10,22;https://www.brvm.org/sites/default/files/20240605_-_avis_ndeg120_brvmdg_-_paiement_de_dividendes_exo_2023_-_nei-ceda_ci.pdf;data/avis_dividendes/NEIC.ci/2023_20240605_-_avis_ndeg120_brvmdg_-_paiement_de_dividendes_exo_2023_-_nei-ceda_ci.pdf;brvm.org,sikafinance.com
2026-05-20;ORAC.ci;ORANGE CI;2023;Passé;2024-05-30;2024-06-03;780,0;7,64;https://www.brvm.org/sites/default/files/20240514_-_avis_ndeg092_brvmdg_-_paiement_de_dividendes_-_exercice_2023_-_orange_ci.pdf;data/avis_dividendes/ORAC.ci/2023_20240514_-_avis_ndeg092_brvmdg_-_paiement_de_dividendes_-_exercice_2023_-_orange_ci.pdf;brvm.org,sikafinance.com
2026-05-20;BOAN.ne;BANK OF AFRICA NIGER;2023;Passé;2024-05-29;2024-05-31;609,15;10,53;https://www.brvm.org/sites/default/files/20240405_-_avis_ndeg059_brvmdg_-_paiement_de_dividendes_exo_2023_-_boan.pdf;data/avis_dividendes/BOAN.ne/2023_20240405_-_avis_ndeg059_brvmdg_-_paiement_de_dividendes_exo_2023_-_boan.pdf;brvm.org,sikafinance.com
2026-05-20;CABC.ci;SICABLE CI;2023;Passé;2024-05-29;2024-05-31;80,0;6,8;https://www.brvm.org/sites/default/files/20240514_-_avis_ndeg091_brvmdg_-_paiement_de_dividendes_exercice_2023_-_sicable_ci.pdf;data/avis_dividendes/CABC.ci/2023_20240514_-_avis_ndeg091_brvmdg_-_paiement_de_dividendes_exercice_2023_-_sicable_ci.pdf;brvm.org,sikafinance.com
2026-05-20;ECOC.ci;ECOBANK CI;2023;Passé;2024-05-28;2024-05-30;594,0;12,01;https://www.brvm.org/sites/default/files/20240510_-_avis_ndeg089_brvmdg_-_paiement_de_dividendes_-_exercice_2023_-_ecobank_ci.pdf;data/avis_dividendes/ECOC.ci/2023_20240510_-_avis_ndeg089_brvmdg_-_paiement_de_dividendes_-_exercice_2023_-_ecobank_ci.pdf;brvm.org,sikafinance.com
2026-05-20;BOAB.bj;BANK OF AFRICA BENIN;2023;Passé;2024-05-23;2024-05-27;706,0;11,87;https://www.brvm.org/sites/default/files/20240422_-_avis_ndeg070_brvmdg_-_paiement_de_dividendes_exo_2023_-_boab.pdf;data/avis_dividendes/BOAB.bj/2023_20240422_-_avis_ndeg070_brvmdg_-_paiement_de_dividendes_exo_2023_-_boab.pdf;brvm.org,sikafinance.com
2026-05-20;BOAM.ml;BANK OF AFRICA MALI;2023;Passé;2024-05-16;2024-05-21;144,0;10,29;https://www.brvm.org/sites/default/files/20240429_-_avis_ndeg082_brvmdg_-_paiement_de_dividendes_exo_2023_-_boam.pdf;data/avis_dividendes/BOAM.ml/2023_20240429_-_avis_ndeg082_brvmdg_-_paiement_de_dividendes_exo_2023_-_boam.pdf;brvm.org,sikafinance.com
2026-05-20;SNTS.sn;SONATEL;2023;Passé;2024-05-15;2024-05-17;1575,0;10,36;https://www.brvm.org/sites/default/files/20240426_-_avis_ndeg080_brvmdg_-_paiement_de_dividendes_exo_2023_-_sonatel.pdf;data/avis_dividendes/SNTS.sn/2023_20240426_-_avis_ndeg080_brvmdg_-_paiement_de_dividendes_exo_2023_-_sonatel.pdf;brvm.org,sikafinance.com
2026-05-20;BOABF.bf;BANK OF AFRICA BURKINA FASO;2023;Passé;2024-05-02;2024-05-06;704,0;13,54;https://www.brvm.org/sites/default/files/20240404_-_avis_ndeg058_brvmdg_-_paiement_de_dividendes_exo_2023_-_boa_bf.pdf;data/avis_dividendes/BOABF.bf/2023_20240404_-_avis_ndeg058_brvmdg_-_paiement_de_dividendes_exo_2023_-_boa_bf.pdf;brvm.org,sikafinance.com
2026-05-20;BOAC.ci;BANK OF AFRICA COTE D'IVOIRE;2023;Passé;2024-04-25;2024-04-29;684,0;9,24;https://www.brvm.org/sites/default/files/20240404_-_avis_ndeg057_brvmdg_-_paiement_de_dividendes_exo_2023_-_boa_ci.pdf;data/avis_dividendes/BOAC.ci/2023_20240404_-_avis_ndeg057_brvmdg_-_paiement_de_dividendes_exo_2023_-_boa_ci.pdf;brvm.org,sikafinance.com
2026-05-20;SGBC.ci;SGBCI;2023;A préciser;;;1547,0;13,33;;;sikafinance.com
2026-05-20;SLBC.ci;SOLIBRA CI;2023;A préciser;;;270,0;3,24;;;sikafinance.com
2026-05-20;SGBC.ci;SGBCI;2022;Passé;2024-06-21;2024-06-25;1553,847;10,45;https://www.brvm.org/sites/default/files/20240604_-_avis_ndeg118_brvmdg_-_paiement_de_dividendes_exercice_2023_-_societe_generale_ci.pdf;data/avis_dividendes/SGBC.ci/2022_20240604_-_avis_ndeg118_brvmdg_-_paiement_de_dividendes_exercice_2023_-_societe_generale_ci.pdf;brvm.org,sikafinance.com
2026-05-20;SHEC.ci;VIVO ENERGY CI;2022;Passé;2023-12-26;2023-12-28;53,0;6,16;https://www.brvm.org/sites/default/files/20231211_-_avis_ndeg257_brvmdg_-_paiement_de_dividendes_exo_2022_-_vivo_energy_ci.pdf;data/avis_dividendes/SHEC.ci/2022_20231211_-_avis_ndeg257_brvmdg_-_paiement_de_dividendes_exo_2022_-_vivo_energy_ci.pdf;brvm.org,sikafinance.com
2026-05-20;SDSC.ci;AFRICA GLOBAL LOGISTICS CI;2022;Passé;2023-11-16;2023-11-20;92,0;3,22;https://www.brvm.org/sites/default/files/20231030_-_avis_ndeg228_brvmdg_-_paiement_de_dividendes_exo_2022_-_agl_ci.pdf;data/avis_dividendes/SDSC.ci/2022_20231030_-_avis_ndeg228_brvmdg_-_paiement_de_dividendes_exo_2022_-_agl_ci.pdf;brvm.org,sikafinance.com
2026-05-20;SPHC.ci;SAPH CI;2022;Passé;2023-09-26;2023-09-29;294,3;5,67;https://www.brvm.org/sites/default/files/20230912_-_avis_ndeg193_brvmdg_-_paiement_de_dividendes_exo_2022_-_saph_ci.pdf;data/avis_dividendes/SPHC.ci/2022_20230912_-_avis_ndeg193_brvmdg_-_paiement_de_dividendes_exo_2022_-_saph_ci.pdf;brvm.org,sikafinance.com
2026-05-20;NEIC.ci;NEI-CEDA CI;2022;Passé;2023-09-20;2023-09-22;35,25;5,64;https://www.brvm.org/sites/default/files/20230828_-_avis_ndeg181_brvmdg_-_paiement_de_dividendes_exercice_2022_-_nei-ceda_ci.pdf;data/avis_dividendes/NEIC.ci/2022_20230828_-_avis_ndeg181_brvmdg_-_paiement_de_dividendes_exercice_2022_-_nei-ceda_ci.pdf;brvm.org,sikafinance.com
2026-05-20;TTLC.ci;VIVO ENERGY CI;2022;Passé;2023-09-19;2023-09-21;175,5258;8,36;https://www.brvm.org/sites/default/files/20230905_-_avis_ndeg188_brvmdg_-_paiement_de_dividendes_exercice_2022_-_total_ci.pdf;data/avis_dividendes/TTLC.ci/2022_20230905_-_avis_ndeg188_brvmdg_-_paiement_de_dividendes_exercice_2022_-_total_ci.pdf;brvm.org,sikafinance.com
2026-05-20;CFAC.ci;CFAO MOTORS CI;2022;Passé;2023-09-13;2023-09-15;27,45;2,41;https://www.brvm.org/sites/default/files/20230823_-_avis_ndeg177_brvmdg_-_paiement_de_dividendes_exo_2022_-_tractafric_motors_ci.pdf;data/avis_dividendes/CFAC.ci/2022_20230823_-_avis_ndeg177_brvmdg_-_paiement_de_dividendes_exo_2022_-_tractafric_motors_ci.pdf;brvm.org,sikafinance.com
2026-05-20;SDCC.ci;SODECI;2022;Passé;2023-09-13;2023-09-15;450,0;10,48;https://www.brvm.org/sites/default/files/20230821_-_avis_ndeg174_brvmdg_-_paiement_de_dividendes_exercice_2022_-_sode_ci.pdf;data/avis_dividendes/SDCC.ci/2022_20230821_-_avis_ndeg174_brvmdg_-_paiement_de_dividendes_exercice_2022_-_sode_ci.pdf;brvm.org,sikafinance.com
2026-05-20;PRSC.ci;TRACTAFRIC MOTORS CI;2022;Passé;2023-09-11;2023-09-13;224,1;5,34;https://www.brvm.org/sites/default/files/20230823_-_avis_ndeg177_brvmdg_-_paiement_de_dividendes_exo_2022_-_tractafric_motors_ci_0.pdf;data/avis_dividendes/PRSC.ci/2022_20230823_-_avis_ndeg177_brvmdg_-_paiement_de_dividendes_exo_2022_-_tractafric_motors_ci_0.pdf;brvm.org,sikafinance.com
2026-05-20;ABJC.ci;SERVAIR ABIDJAN CI;2022;Passé;2023-08-29;2023-08-31;92,0;4,73;https://www.brvm.org/sites/default/files/20230717_-_avis_ndeg149_brvmdg_-_paiement_de_dividendes_exo_2022_-_servair_abidjan_ci.pdf;data/avis_dividendes/ABJC.ci/2022_20230717_-_avis_ndeg149_brvmdg_-_paiement_de_dividendes_exo_2022_-_servair_abidjan_ci.pdf;brvm.org,sikafinance.com
2026-05-20;SIBC.ci;SOCIETE IVOIRIENNE DE BANQUE CI;2022;Passé;2023-08-09;2023-08-11;495,0;6,21;https://www.brvm.org/sites/default/files/20230720_-_avis_ndeg153_brvmdg_-_paiement_de_dividendes_exercice_2022_-_sib_ci.pdf;data/avis_dividendes/SIBC.ci/2022_20230720_-_avis_ndeg153_brvmdg_-_paiement_de_dividendes_exercice_2022_-_sib_ci.pdf;brvm.org,sikafinance.com
2026-05-20;NTLC.ci;NESTLE CI;2022;Passé;2023-08-03;2023-08-08;728,1;15,81;https://www.brvm.org/sites/default/files/20230717_-_avis_ndeg148_brvmdg_-_paiement_de_dividendes_exo_2022_-_nestle_ci.pdf;data/avis_dividendes/NTLC.ci/2022_20230717_-_avis_ndeg148_brvmdg_-_paiement_de_dividendes_exo_2022_-_nestle_ci.pdf;brvm.org,sikafinance.com
2026-05-20;CABC.ci;SICABLE CI;2022;Passé;2023-07-31;2023-08-02;69,0;6,8;https://www.brvm.org/sites/default/files/20230719_-_avis_ndeg152_brvmdg_-_paiement_de_dividendes_exercice_2022_-_sicable_ci.pdf;data/avis_dividendes/CABC.ci/2022_20230719_-_avis_ndeg152_brvmdg_-_paiement_de_dividendes_exercice_2022_-_sicable_ci.pdf;brvm.org,sikafinance.com
2026-05-20;BICC.ci;BICICI;2022;Passé;2023-07-27;2023-07-31;401,4;5,43;https://www.brvm.org/sites/default/files/20230714_-_avis_ndeg146_brvmdg_-_paiement_de_dividendes_exercice_2022_-_bicici_0.pdf;data/avis_dividendes/BICC.ci/2022_20230714_-_avis_ndeg146_brvmdg_-_paiement_de_dividendes_exercice_2022_-_bicici_0.pdf;brvm.org,sikafinance.com
2026-05-20;CIEC.ci;CIE CI;2022;Passé;2023-07-27;2023-07-31;157,5;8,31;https://www.brvm.org/sites/default/files/20230706_-_avis_ndeg136_brvmdg_-_paiement_de_dividendes_exercice_2022_-_cie_ci.pdf;data/avis_dividendes/CIEC.ci/2022_20230706_-_avis_ndeg136_brvmdg_-_paiement_de_dividendes_exercice_2022_-_cie_ci.pdf;brvm.org,sikafinance.com
2026-05-20;STBC.ci;SITAB CI;2022;Passé;2023-07-25;2023-07-27;551,0;8,74;https://www.brvm.org/sites/default/files/20230713_-_avis_ndeg145_brvmdg_-_paiement_de_dividendes_exercice_2022_-_sitab_ci.pdf;data/avis_dividendes/STBC.ci/2022_20230713_-_avis_ndeg145_brvmdg_-_paiement_de_dividendes_exercice_2022_-_sitab_ci.pdf;brvm.org,sikafinance.com
2026-05-20;BNBC.ci;BERNABE CI;2022;Passé;2023-07-20;2023-07-24;150,0;6,9;https://www.brvm.org/sites/default/files/20230710_-_avis_ndeg139_brvmdg_-_paiement_de_dividendes_exercice_2022_-_bernabe_ci.pdf;data/avis_dividendes/BNBC.ci/2022_20230710_-_avis_ndeg139_brvmdg_-_paiement_de_dividendes_exercice_2022_-_bernabe_ci.pdf;brvm.org,sikafinance.com
2026-05-20;PALC.ci;PALMCI;2022;Passé;2023-07-17;2023-07-19;1213,632;17,36;https://www.brvm.org/sites/default/files/20230622_-_avis_ndeg124_brvmdg_-_paiement_de_dividendes_exo_2022_-_palm_ci.pdf;data/avis_dividendes/PALC.ci/2022_20230622_-_avis_ndeg124_brvmdg_-_paiement_de_dividendes_exo_2022_-_palm_ci.pdf;brvm.org,sikafinance.com
2026-05-20;SOGC.ci;SOGB;2022;Passé;2023-07-13;2023-07-17;558,0;11,09;https://www.brvm.org/sites/default/files/20230703_-_avis_ndeg132_brvmdg_-_paiement_de_dividendes_exercice_2022_-_sogb_ci.pdf;data/avis_dividendes/SOGC.ci/2022_20230703_-_avis_ndeg132_brvmdg_-_paiement_de_dividendes_exercice_2022_-_sogb_ci.pdf;brvm.org,sikafinance.com
2026-05-20;TTLS.sn;VIVO ENERGY SENEGAL;2022;Passé;2023-07-11;2023-07-13;241,01;11,85;https://www.brvm.org/sites/default/files/20230621_-_avis_ndeg122_brvmdg_-_paiement_de_dividendes_exo_2022_-_total_sn.pdf;data/avis_dividendes/TTLS.sn/2022_20230621_-_avis_ndeg122_brvmdg_-_paiement_de_dividendes_exo_2022_-_total_sn.pdf;brvm.org,sikafinance.com
2026-05-20;ONTBF.bf;ONATEL BF;2022;Passé;2023-06-22;2023-06-26;287,8799;7,3;https://www.brvm.org/sites/default/files/20230612_-_avis_ndeg110_brvmdg_-_paiement_de_dividendes_-_onatel_bf.pdf;data/avis_dividendes/ONTBF.bf/2022_20230612_-_avis_ndeg110_brvmdg_-_paiement_de_dividendes_-_onatel_bf.pdf;brvm.org,sikafinance.com
2026-05-20;ORAC.ci;ORANGE CI;2022;Passé;2023-06-16;2023-06-13;752,76;7,37;https://www.brvm.org/sites/default/files/20230531_-_avis_ndeg101_brvmdg_-_paiement_de_dividendes_exercice_2022_-_orange_ci.pdf;data/avis_dividendes/ORAC.ci/2022_20230531_-_avis_ndeg101_brvmdg_-_paiement_de_dividendes_exercice_2022_-_orange_ci.pdf;brvm.org,sikafinance.com
2026-05-20;ETIT.tg;ECOBANK TRANSNATIONAL INC TG;2022;Passé;2023-06-06;2023-06-08;0,6048;3,36;https://www.brvm.org/sites/default/files/20230605_-_avis_ndeg103_brvmdg_-_paiement_de_dividendes_exercice_2022_-_eti_tg.pdf;data/avis_dividendes/ETIT.tg/2022_20230605_-_avis_ndeg103_brvmdg_-_paiement_de_dividendes_exercice_2022_-_eti_tg.pdf;brvm.org,sikafinance.com
2026-05-20;NSBC.ci;NSIA BANQUE CI;2022;Passé;2023-06-05;2023-06-07;363,6;5,88;https://www.brvm.org/sites/default/files/20230622_-_avis_ndeg123_brvmdg_-_paiement_de_dividendes_exercice_2022_-_nsia_banque_ci.pdf;data/avis_dividendes/NSBC.ci/2022_20230622_-_avis_ndeg123_brvmdg_-_paiement_de_dividendes_exercice_2022_-_nsia_banque_ci.pdf;brvm.org,sikafinance.com
2026-05-20;BOAS.sn;BANK OF AFRICA SENEGAL;2022;Passé;2023-05-30;2023-06-01;187,5;7,98;https://www.brvm.org/sites/default/files/20230411_-_avis_ndeg056_brvmdg_-_paiement_de_dividendes_exo_2022_-_boas.pdf;data/avis_dividendes/BOAS.sn/2022_20230411_-_avis_ndeg056_brvmdg_-_paiement_de_dividendes_exo_2022_-_boas.pdf;brvm.org,sikafinance.com
2026-05-20;ECOC.ci;ECOBANK CI;2022;Passé;2023-05-25;2023-05-30;549,0;11,47;https://www.brvm.org/sites/default/files/20230512_-_avis_ndeg081-2023_paiement_de_dividendes_ecobank_ci.pdf;data/avis_dividendes/ECOC.ci/2022_20230512_-_avis_ndeg081-2023_paiement_de_dividendes_ecobank_ci.pdf;brvm.org,sikafinance.com
2026-05-20;BOAB.bj;BANK OF AFRICA BENIN;2022;Passé;2023-05-23;2023-05-25;627,0;10,3;https://www.brvm.org/sites/default/files/20230420_-_avis_ndeg064_brvmdg_-_paiement_de_dividendes_exo_2022_-_boab.pdf;data/avis_dividendes/BOAB.bj/2022_20230420_-_avis_ndeg064_brvmdg_-_paiement_de_dividendes_exo_2022_-_boab.pdf;brvm.org,sikafinance.com
2026-05-20;BOAN.ne;BANK OF AFRICA NIGER;2022;Passé;2023-05-23;2023-05-25;613,8;11,12;https://www.brvm.org/sites/default/files/20230411_-_avis_ndeg055_brvmdg_-_paiement_de_dividendes_exo_2022_-_boan.pdf;data/avis_dividendes/BOAN.ne/2022_20230411_-_avis_ndeg055_brvmdg_-_paiement_de_dividendes_exo_2022_-_boan.pdf;brvm.org,sikafinance.com
2026-05-20;SNTS.sn;SONATEL;2022;Passé;2023-05-15;2023-05-17;1500,0;10,73;https://www.brvm.org/sites/default/files/20230419_-_avis_ndeg059_brvmdg_-_paiement_de_dividendes_exo_2022_-_sonatel.pdf;data/avis_dividendes/SNTS.sn/2022_20230419_-_avis_ndeg059_brvmdg_-_paiement_de_dividendes_exo_2022_-_sonatel.pdf;brvm.org,sikafinance.com
2026-05-20;BOABF.bf;BANK OF AFRICA BURKINA FASO;2022;Passé;2023-05-03;2023-05-05;577,0;7,23;https://www.brvm.org/sites/default/files/20230411_-_avis_ndeg054_brvmdg_-_paiement_de_dividendes_exo_2022_-_boa_bf.pdf;data/avis_dividendes/BOABF.bf/2022_20230411_-_avis_ndeg054_brvmdg_-_paiement_de_dividendes_exo_2022_-_boa_bf.pdf;brvm.org,sikafinance.com
2026-05-20;BOAC.ci;BANK OF AFRICA COTE D'IVOIRE;2022;Passé;2023-04-26;2023-04-28;540,0;4,61;https://www.brvm.org/sites/default/files/20230411_-_avis_ndeg053_brvmdg_-_paiement_de_dividendes_exo_2022_-_boac.pdf;data/avis_dividendes/BOAC.ci/2022_20230411_-_avis_ndeg053_brvmdg_-_paiement_de_dividendes_exo_2022_-_boac.pdf;brvm.org,sikafinance.com
2026-05-20;CBIBF.bf;CORIS BANK INTERNATIONAL BF;2022;A préciser;;;525,0;5,0;;;sikafinance.com
2026-05-20;LNBB.bj;LOTERIE NATIONALE DU BENIN;2022;A préciser;;;107,0;;;;sikafinance.com
2026-05-20;SMBC.ci;SMB CI;2022;A préciser;;;720,0;10,43;;;sikafinance.com
2026-05-20;SHEC.ci;VIVO ENERGY CI;2021;Passé;2022-10-26;2022-10-28;29,0;;https://www.brvm.org/sites/default/files/20221014_-_avis_ndeg210_brvmdg_-_paiement_de_dividendes_exo_2021_-_vivo_energy_ci.pdf;data/avis_dividendes/SHEC.ci/2021_20221014_-_avis_ndeg210_brvmdg_-_paiement_de_dividendes_exo_2021_-_vivo_energy_ci.pdf;brvm.org
2026-05-20;SDCC.ci;SODECI;2021;Passé;2022-10-19;2022-10-21;432,0;;https://www.brvm.org/sites/default/files/20221007_-_avis_ndeg203_brvmdg_-_paiement_de_dividendes_exo_2020_-_sode_ci.pdf;data/avis_dividendes/SDCC.ci/2021_20221007_-_avis_ndeg203_brvmdg_-_paiement_de_dividendes_exo_2020_-_sode_ci.pdf;brvm.org
2026-05-20;PALC.ci;PALMCI;2021;Passé;2022-08-29;2022-08-31;1236,34;;https://www.brvm.org/sites/default/files/20220718_-_avis_ndeg145_brvmdg_-_paiement_de_dividendes_exo_2021_-_palm_ci.pdf;data/avis_dividendes/PALC.ci/2021_20220718_-_avis_ndeg145_brvmdg_-_paiement_de_dividendes_exo_2021_-_palm_ci.pdf;brvm.org
2026-05-20;PRSC.ci;TRACTAFRIC MOTORS CI;2021;Passé;2022-08-26;2022-08-30;175,86;;https://www.brvm.org/sites/default/files/20220715_-_avis_ndeg142_brvmdg_-_paiement_de_dividendes_exo_2021_-_tractafric_motors_ci.pdf;data/avis_dividendes/PRSC.ci/2021_20220715_-_avis_ndeg142_brvmdg_-_paiement_de_dividendes_exo_2021_-_tractafric_motors_ci.pdf;brvm.org
2026-05-20;TTLC.ci;VIVO ENERGY CI;2021;Passé;2022-08-23;2022-08-25;159,2874;;https://www.brvm.org/sites/default/files/20220803_-_avis_ndeg159_brvmdg_-_paiement_de_dividendes_exo_2021_-_total_ci.pdf;data/avis_dividendes/TTLC.ci/2021_20220803_-_avis_ndeg159_brvmdg_-_paiement_de_dividendes_exo_2021_-_total_ci.pdf;brvm.org
2026-05-20;ABJC.ci;SERVAIR ABIDJAN CI;2021;Passé;2022-08-22;2022-08-24;57,73;;https://www.brvm.org/sites/default/files/20220805_-_avis_ndeg161_brvmdg_-_paiement_de_dividendes_exo_2021_-_servair_abidjan_ci.pdf;data/avis_dividendes/ABJC.ci/2021_20220805_-_avis_ndeg161_brvmdg_-_paiement_de_dividendes_exo_2021_-_servair_abidjan_ci.pdf;brvm.org
2026-05-20;SMBC.ci;SMB CI;2021;Passé;2022-08-22;2022-08-24;720,0;;https://www.brvm.org/sites/default/files/20220809_-_avis_ndeg163_brvmdg_-_paiement_de_dividendes_exercice_2021_-_smb_ci.pdf;data/avis_dividendes/SMBC.ci/2021_20220809_-_avis_ndeg163_brvmdg_-_paiement_de_dividendes_exercice_2021_-_smb_ci.pdf;brvm.org
2026-05-20;SLBC.ci;SOLIBRA CI;2021;Passé;2022-08-10;2022-08-12;4050,0;;https://www.brvm.org/sites/default/files/20220728_-_avis_ndeg154_brvmdg_-_paiement_de_dividendes_exo_2021_-_solibra_ci.pdf;data/avis_dividendes/SLBC.ci/2021_20220728_-_avis_ndeg154_brvmdg_-_paiement_de_dividendes_exo_2021_-_solibra_ci.pdf;brvm.org
2026-05-20;SPHC.ci;SAPH CI;2021;Passé;2022-08-02;2022-08-04;365,4;;https://www.brvm.org/sites/default/files/20220719_-_avis_ndeg151_brvmdg_-_paiement_de_dividendes_exo_2021_-_saph_ci_002_0.pdf;data/avis_dividendes/SPHC.ci/2021_20220719_-_avis_ndeg151_brvmdg_-_paiement_de_dividendes_exo_2021_-_saph_ci_002_0.pdf;brvm.org
2026-05-20;CABC.ci;SICABLE CI;2021;Passé;2022-07-29;2022-08-02;69,0;;https://www.brvm.org/sites/default/files/20220719_-_avis_ndeg148_brvmdg_-_paiement_de_dividendes_exercice_2021_-_sicable_ci.pdf;data/avis_dividendes/CABC.ci/2021_20220719_-_avis_ndeg148_brvmdg_-_paiement_de_dividendes_exercice_2021_-_sicable_ci.pdf;brvm.org
2026-05-20;CFAC.ci;CFAO MOTORS CI;2021;Passé;2022-07-29;2022-08-02;69,47;;https://www.brvm.org/sites/default/files/20220719_-_avis_ndeg149_brvmdg_-_paiement_de_dividendes_exo_2021_-_cfao_motors_ci.pdf;data/avis_dividendes/CFAC.ci/2021_20220719_-_avis_ndeg149_brvmdg_-_paiement_de_dividendes_exo_2021_-_cfao_motors_ci.pdf;brvm.org
2026-05-20;NTLC.ci;NESTLE CI;2021;Passé;2022-07-29;2022-08-02;856,8;;https://www.brvm.org/sites/default/files/20220719_-_avis_ndeg150_brvmdg_-_paiement_de_dividendes_exo_2021_-_nestle_ci_0.pdf;data/avis_dividendes/NTLC.ci/2021_20220719_-_avis_ndeg150_brvmdg_-_paiement_de_dividendes_exo_2021_-_nestle_ci_0.pdf;brvm.org
2026-05-20;UNXC.ci;UNIWAX CI;2021;Passé;2022-07-27;2022-07-29;60,75;;https://www.brvm.org/sites/default/files/20220715_-_avis_ndeg143_brvmdg_-_paiement_de_dividendes_exo_2021_-_uniwax_ci.pdf;data/avis_dividendes/UNXC.ci/2021_20220715_-_avis_ndeg143_brvmdg_-_paiement_de_dividendes_exo_2021_-_uniwax_ci.pdf;brvm.org
2026-05-20;CIEC.ci;CIE CI;2021;Passé;2022-07-21;2022-07-25;153,161;;https://www.brvm.org/sites/default/files/20220701_-_avis_ndeg123_brvmdg_-_paiement_de_dividendes_exercice_2021_-_cie_ci.pdf;data/avis_dividendes/CIEC.ci/2021_20220701_-_avis_ndeg123_brvmdg_-_paiement_de_dividendes_exercice_2021_-_cie_ci.pdf;brvm.org
2026-05-20;TTLS.sn;VIVO ENERGY SENEGAL;2021;Passé;2022-07-20;2022-07-22;187,3;;https://www.brvm.org/sites/default/files/20220706_-_avis_ndeg125_brvmdg_-_paiement_de_dividendes_exercice_2021_-_total_sn1.pdf;data/avis_dividendes/TTLS.sn/2021_20220706_-_avis_ndeg125_brvmdg_-_paiement_de_dividendes_exercice_2021_-_total_sn1.pdf;brvm.org
2026-05-20;SOGC.ci;SOGB;2021;Passé;2022-07-19;2022-07-21;541,8;;https://www.brvm.org/sites/default/files/20220706_-_avis_ndeg126_brvmdg_-_paiement_de_dividendes_exercice_2021_-_sogb_ci.pdf;data/avis_dividendes/SOGC.ci/2021_20220706_-_avis_ndeg126_brvmdg_-_paiement_de_dividendes_exercice_2021_-_sogb_ci.pdf;brvm.org
2026-05-20;STBC.ci;SITAB CI;2021;Passé;2022-07-19;2022-07-21;445,117;;https://www.brvm.org/sites/default/files/20220706_-_avis_ndeg127_brvmdg_-_paiement_de_dividendes_exercice_2021_-_sitab.pdf;data/avis_dividendes/STBC.ci/2021_20220706_-_avis_ndeg127_brvmdg_-_paiement_de_dividendes_exercice_2021_-_sitab.pdf;brvm.org
2026-05-20;STAC.ci;SETAO CI;2021;Passé;2022-07-14;2022-07-18;66,15;;https://www.brvm.org/sites/default/files/20220617_-_avis_ndeg113_brvmdg_-_paiement_de_dividendes_exercice_2021_-_setao_ci.pdf;data/avis_dividendes/STAC.ci/2021_20220617_-_avis_ndeg113_brvmdg_-_paiement_de_dividendes_exercice_2021_-_setao_ci.pdf;brvm.org
2026-05-20;BICC.ci;BICICI;2021;Passé;2022-07-13;2022-07-15;518,0;;https://www.brvm.org/sites/default/files/20220627_-_avis_ndeg120_brvmdg_-_paiement_de_dividendes_exercice_2021_-_bicici.pdf;data/avis_dividendes/BICC.ci/2021_20220627_-_avis_ndeg120_brvmdg_-_paiement_de_dividendes_exercice_2021_-_bicici.pdf;brvm.org
2026-05-20;SIBC.ci;SOCIETE IVOIRIENNE DE BANQUE CI;2021;Passé;2022-06-28;2022-06-30;405,0;;https://www.brvm.org/sites/default/files/20220613_-_avis_ndeg106_brvmdg_-_paiement_de_dividendes_exercice_2021_-_sib_ci.pdf;data/avis_dividendes/SIBC.ci/2021_20220613_-_avis_ndeg106_brvmdg_-_paiement_de_dividendes_exercice_2021_-_sib_ci.pdf;brvm.org
2026-05-20;SDSC.ci;AFRICA GLOBAL LOGISTICS CI;2021;Passé;2022-06-21;2022-06-23;130,0;;https://www.brvm.org/sites/default/files/20220607_-_avis_ndeg100_brvmdg_-_paiement_de_dividendes_exercice_2021_-_bollore_ci.pdf;data/avis_dividendes/SDSC.ci/2021_20220607_-_avis_ndeg100_brvmdg_-_paiement_de_dividendes_exercice_2021_-_bollore_ci.pdf;brvm.org
2026-05-20;ETIT.tg;ECOBANK TRANSNATIONAL INC TG;2021;Passé;2022-06-16;2022-06-20;;;https://www.brvm.org/sites/default/files/20220613_-_avis_ndeg107_brvmdg_-_paiement_de_dividendes_exercice_2021_-_eti_tg.pdf;data/avis_dividendes/ETIT.tg/2021_20220613_-_avis_ndeg107_brvmdg_-_paiement_de_dividendes_exercice_2021_-_eti_tg.pdf;brvm.org
2026-05-20;ONTBF.bf;ONATEL BF;2021;Passé;2022-06-13;2022-06-15;416,5791;;https://www.brvm.org/sites/default/files/20220527_-_avis_ndeg090_brvmdg_-_paiement_de_dividendes_-_onatel_bf.pdf;data/avis_dividendes/ONTBF.bf/2021_20220527_-_avis_ndeg090_brvmdg_-_paiement_de_dividendes_-_onatel_bf.pdf;brvm.org
2026-05-20;SGBC.ci;SGBCI;2021;Passé;2022-06-08;2022-06-10;1004,93;;https://www.brvm.org/sites/default/files/20220523_-_avis_ndeg088_brvmdg_-_paiement_de_dividendes_exercice_2021_-_societe_generale_ci.pdf;data/avis_dividendes/SGBC.ci/2021_20220523_-_avis_ndeg088_brvmdg_-_paiement_de_dividendes_exercice_2021_-_societe_generale_ci.pdf;brvm.org
2026-05-20;BOAS.sn;BANK OF AFRICA SENEGAL;2021;A préciser;;2022-06-01;;;https://www.brvm.org/sites/default/files/20220420_-_avis_ndeg061_brvmdg_-_paiement_de_dividendes_exo_2021_-_boas.pdf;data/avis_dividendes/BOAS.sn/2021_20220420_-_avis_ndeg061_brvmdg_-_paiement_de_dividendes_exo_2021_-_boas.pdf;brvm.org
2026-05-20;BOAB.bj;BANK OF AFRICA BENIN;2021;Passé;2022-05-23;2022-05-25;546,0;;https://www.brvm.org/sites/default/files/20220427_-_avis_ndeg067_brvmdg_-_paiement_de_dividendes_exo_2021_-_boab_0.pdf;data/avis_dividendes/BOAB.bj/2021_20220427_-_avis_ndeg067_brvmdg_-_paiement_de_dividendes_exo_2021_-_boab_0.pdf;brvm.org
2026-05-20;SNTS.sn;SONATEL;2021;Passé;2022-05-16;2022-05-18;1400,0;;https://www.brvm.org/sites/default/files/20220429_-_avis_ndeg070_brvmdg_-_paiement_de_dividendes_exo_2021_-_sonatel_sn.pdf;data/avis_dividendes/SNTS.sn/2021_20220429_-_avis_ndeg070_brvmdg_-_paiement_de_dividendes_exo_2021_-_sonatel_sn.pdf;brvm.org
2026-05-20;BOAN.ne;BANK OF AFRICA NIGER;2021;Passé;2022-05-10;2022-05-12;;;https://www.brvm.org/sites/default/files/20220406_-_avis_ndeg049_brvmdg_-_paiement_de_dividendes_exo_2021_-_boan.pdf;data/avis_dividendes/BOAN.ne/2021_20220406_-_avis_ndeg049_brvmdg_-_paiement_de_dividendes_exo_2021_-_boan.pdf;brvm.org
2026-05-20;BOABF.bf;BANK OF AFRICA BURKINA FASO;2021;A préciser;;2022-05-04;;;https://www.brvm.org/sites/default/files/20220412_-_avis_ndeg060_brvmdg_-_paiement_de_dividendes_exo_2021_-_boa_bf.pdf;data/avis_dividendes/BOABF.bf/2021_20220412_-_avis_ndeg060_brvmdg_-_paiement_de_dividendes_exo_2021_-_boa_bf.pdf;brvm.org
2026-05-20;ECOC.ci;ECOBANK CI;2021;A préciser;;2022-04-29;;;https://www.brvm.org/sites/default/files/20220412_-_avis_ndeg058_brvmdg_-_paiement_de_dividendes_exercice_2021_-_ecobank_ci.pdf;data/avis_dividendes/ECOC.ci/2021_20220412_-_avis_ndeg058_brvmdg_-_paiement_de_dividendes_exercice_2021_-_ecobank_ci.pdf;brvm.org
2026-05-20;BOAC.ci;BANK OF AFRICA COTE D'IVOIRE;2021;A préciser;;2022-04-28;;;https://www.brvm.org/sites/default/files/20220406_-_avis_ndeg050_brvmdg_-_paiement_de_dividendes_exo_2021_-_boac.pdf;data/avis_dividendes/BOAC.ci/2021_20220406_-_avis_ndeg050_brvmdg_-_paiement_de_dividendes_exo_2021_-_boac.pdf;brvm.org
2026-05-20;SEMC.ci;CROWN SIEM CI;2020;A préciser;;2021-12-28;;;https://www.brvm.org/sites/default/files/20211214_-_avis_ndeg234_brvmdg_-_paiement_de_dividendes_exo_2020_-_crown_siem.pdf;data/avis_dividendes/SEMC.ci/2020_20211214_-_avis_ndeg234_brvmdg_-_paiement_de_dividendes_exo_2020_-_crown_siem.pdf;brvm.org
2026-05-20;TTLC.ci;VIVO ENERGY CI;2020;A préciser;;2021-09-27;;;https://www.brvm.org/sites/default/files/20210816_-_avis_ndeg166_brvmdg_-_paiement_de_dividendes_exo_2020_-_total_ci.pdf;data/avis_dividendes/TTLC.ci/2020_20210816_-_avis_ndeg166_brvmdg_-_paiement_de_dividendes_exo_2020_-_total_ci.pdf;brvm.org
2026-05-20;PRSC.ci;TRACTAFRIC MOTORS CI;2020;A préciser;;2021-09-02;;;https://www.brvm.org/sites/default/files/20210818_-_avis_ndeg167_brvmdg_-_paiement_de_dividendes_exo_2020_-_tractafric_motors_ci.pdf;data/avis_dividendes/PRSC.ci/2020_20210818_-_avis_ndeg167_brvmdg_-_paiement_de_dividendes_exo_2020_-_tractafric_motors_ci.pdf;brvm.org
2026-05-20;PALC.ci;PALMCI;2020;A préciser;;2021-08-27;;;https://www.brvm.org/sites/default/files/20210811_-_avis_ndeg162_brvmdg_-_paiement_de_dividendes_exo_2020_-_palm_ci.pdf;data/avis_dividendes/PALC.ci/2020_20210811_-_avis_ndeg162_brvmdg_-_paiement_de_dividendes_exo_2020_-_palm_ci.pdf;brvm.org
2026-05-20;SPHC.ci;SAPH CI;2020;A préciser;;2021-08-24;;;https://www.brvm.org/sites/default/files/20210809_-_avis_ndeg160_brvmdg_-_paiement_de_dividendes_exo_2020_-_saph_ci.pdf;data/avis_dividendes/SPHC.ci/2020_20210809_-_avis_ndeg160_brvmdg_-_paiement_de_dividendes_exo_2020_-_saph_ci.pdf;brvm.org
2026-05-20;SCRC.ci;SUCRIVOIRE;2020;Passé;2021-08-18;2021-08-20;40,5;;https://www.brvm.org/sites/default/files/20210805_-_avis_ndeg157_brvmdg_-_paiement_de_dividendes_exo_2020_-_sucrivoire_ci.pdf;data/avis_dividendes/SCRC.ci/2020_20210805_-_avis_ndeg157_brvmdg_-_paiement_de_dividendes_exo_2020_-_sucrivoire_ci.pdf;brvm.org
2026-05-20;SDSC.ci;AFRICA GLOBAL LOGISTICS CI;2020;Passé;2021-08-09;2021-08-11;100,0;;https://www.brvm.org/sites/default/files/20210726_-_avis_ndeg153_brvmdg_-_paiement_de_dividendes_exo_2020_-_bollore_transport_logistics_ci.pdf;data/avis_dividendes/SDSC.ci/2020_20210726_-_avis_ndeg153_brvmdg_-_paiement_de_dividendes_exo_2020_-_bollore_transport_logistics_ci.pdf;brvm.org
2026-05-20;SLBC.ci;SOLIBRA CI;2020;Passé;2021-07-30;2021-08-03;2736,0;;https://www.brvm.org/sites/default/files/20210716_-_avis_ndeg147_brvmdg_-_paiement_de_dividendes_exo_2020_-_solibra_ci.pdf;data/avis_dividendes/SLBC.ci/2020_20210716_-_avis_ndeg147_brvmdg_-_paiement_de_dividendes_exo_2020_-_solibra_ci.pdf;brvm.org
2026-05-20;CABC.ci;SICABLE CI;2020;Passé;2021-07-29;2021-08-02;133,0;;https://www.brvm.org/sites/default/files/20210716_-_avis_ndeg148_brvmdg_-_paiement_de_dividendes_exercice_2020_-_sicable_ci.pdf;data/avis_dividendes/CABC.ci/2020_20210716_-_avis_ndeg148_brvmdg_-_paiement_de_dividendes_exercice_2020_-_sicable_ci.pdf;brvm.org
2026-05-20;FTSC.ci;FILTISAC CI;2020;Passé;2021-07-28;2021-07-30;235,0;;https://www.brvm.org/sites/default/files/20210628_-_avis_ndeg121_brvmdg_-_paiement_de_dividendes_exercice_2020_-_filtisac_ci.pdf;data/avis_dividendes/FTSC.ci/2020_20210628_-_avis_ndeg121_brvmdg_-_paiement_de_dividendes_exercice_2020_-_filtisac_ci.pdf;brvm.org
2026-05-20;NTLC.ci;NESTLE CI;2020;Passé;2021-07-28;2021-07-30;363,665;;https://www.brvm.org/sites/default/files/20210707_-_avis_ndeg132_brvmdg_-_paiement_de_dividendes_exo_2020_-_nestle_ci.pdf;data/avis_dividendes/NTLC.ci/2020_20210707_-_avis_ndeg132_brvmdg_-_paiement_de_dividendes_exo_2020_-_nestle_ci.pdf;brvm.org
2026-05-20;TTLS.sn;VIVO ENERGY SENEGAL;2020;Passé;2021-07-28;2021-07-30;223,6;;https://www.brvm.org/sites/default/files/20210709_-_avis_ndeg137_brvmdg_-_paiement_de_dividendes_exercice_2020_-_total_sn.pdf;data/avis_dividendes/TTLS.sn/2020_20210709_-_avis_ndeg137_brvmdg_-_paiement_de_dividendes_exercice_2020_-_total_sn.pdf;brvm.org
2026-05-20;SDCC.ci;SODECI;2020;Passé;2021-07-23;2021-07-27;337,5;;https://www.brvm.org/sites/default/files/20210707_-_avis_ndeg133_brvmdg_-_paiement_de_dividendes_exo_2020_-_sode_ci.pdf;data/avis_dividendes/SDCC.ci/2020_20210707_-_avis_ndeg133_brvmdg_-_paiement_de_dividendes_exo_2020_-_sode_ci.pdf;brvm.org
2026-05-20;SIBC.ci;SOCIETE IVOIRIENNE DE BANQUE CI;2020;Passé;2021-07-21;2021-07-23;360,0;;https://www.brvm.org/sites/default/files/20210706_-_avis_ndeg131_brvmdg_-_paiement_de_dividendes_exo_2020_-_sib_ci.pdf;data/avis_dividendes/SIBC.ci/2020_20210706_-_avis_ndeg131_brvmdg_-_paiement_de_dividendes_exo_2020_-_sib_ci.pdf;brvm.org
2026-05-20;STAC.ci;SETAO CI;2020;Passé;2021-07-14;2021-07-16;66,15;;https://www.brvm.org/sites/default/files/20210621_-_avis_ndeg109_brvmdg_-_paiement_de_dividendes_exo_2020_-_setao_ci.pdf;data/avis_dividendes/STAC.ci/2020_20210621_-_avis_ndeg109_brvmdg_-_paiement_de_dividendes_exo_2020_-_setao_ci.pdf;brvm.org
2026-05-20;UNXC.ci;UNIWAX CI;2020;Passé;2021-07-14;2021-07-16;;;https://www.brvm.org/sites/default/files/20210702_-_avis_ndeg128_brvmdg_-_paiement_de_dividendes_exo_2020_-_uniwax_ci.pdf;data/avis_dividendes/UNXC.ci/2020_20210702_-_avis_ndeg128_brvmdg_-_paiement_de_dividendes_exo_2020_-_uniwax_ci.pdf;brvm.org
2026-05-20;CFAC.ci;CFAO MOTORS CI;2020;Passé;2021-07-13;2021-07-15;22,15;;https://www.brvm.org/sites/default/files/20210701_-_avis_ndeg127_brvmdg_-_paiement_de_dividendes_exo_2020_-_cfao_motors_ci.pdf;data/avis_dividendes/CFAC.ci/2020_20210701_-_avis_ndeg127_brvmdg_-_paiement_de_dividendes_exo_2020_-_cfao_motors_ci.pdf;brvm.org
2026-05-20;SMBC.ci;SMB CI;2020;Passé;2021-07-13;2021-07-15;810,0;;https://www.brvm.org/sites/default/files/20210701_-_avis_ndeg126_brvmdg_-_paiement_de_dividendes_exercice_2020_-_smb_ci.pdf;data/avis_dividendes/SMBC.ci/2020_20210701_-_avis_ndeg126_brvmdg_-_paiement_de_dividendes_exercice_2020_-_smb_ci.pdf;brvm.org
2026-05-20;SOGC.ci;SOGB;2020;Passé;2021-07-13;2021-07-15;250,0;;https://www.brvm.org/sites/default/files/20210622_-_avis_ndeg113_brvmdg_-_paiement_de_dividendes_exercice_2020_-_sogb_ci.pdf;data/avis_dividendes/SOGC.ci/2020_20210622_-_avis_ndeg113_brvmdg_-_paiement_de_dividendes_exercice_2020_-_sogb_ci.pdf;brvm.org
2026-05-20;CIEC.ci;CIE CI;2020;Passé;2021-07-12;2021-07-14;167,14;;https://www.brvm.org/sites/default/files/20210629_-_avis_ndeg122_brvmdg_-_paiement_de_dividendes_exercice_2020_-_cie_ci.pdf;data/avis_dividendes/CIEC.ci/2020_20210629_-_avis_ndeg122_brvmdg_-_paiement_de_dividendes_exercice_2020_-_cie_ci.pdf;brvm.org
2026-05-20;BICC.ci;BICICI;2020;Passé;2021-07-02;2021-07-06;50,0;;https://www.brvm.org/sites/default/files/20210622_-_avis_ndeg112_brvmdg_-_paiement_de_dividendes_exercice_2020_-_bicici.pdf;data/avis_dividendes/BICC.ci/2020_20210622_-_avis_ndeg112_brvmdg_-_paiement_de_dividendes_exercice_2020_-_bicici.pdf;brvm.org
2026-05-20;SGBC.ci;SGBCI;2020;Passé;2021-06-28;2021-06-30;368,298;;https://www.brvm.org/sites/default/files/20210528_-_avis_ndeg091_brvmdg_-_paiement_de_dividendes_exercice_2020_-_societe_generale_ci.pdf;data/avis_dividendes/SGBC.ci/2020_20210528_-_avis_ndeg091_brvmdg_-_paiement_de_dividendes_exercice_2020_-_societe_generale_ci.pdf;brvm.org
2026-05-20;BOAS.sn;BANK OF AFRICA SENEGAL;2020;Passé;2021-05-28;2021-06-01;161,01;;https://www.brvm.org/sites/default/files/20210427_-_avis_ndeg061_brvmdg_-_paiement_de_dividendes_exo_2020_-_boas.pdf;data/avis_dividendes/BOAS.sn/2020_20210427_-_avis_ndeg061_brvmdg_-_paiement_de_dividendes_exo_2020_-_boas.pdf;brvm.org
2026-05-20;ONTBF.bf;ONATEL BF;2020;Passé;2021-05-28;2021-06-01;399,5635;;https://www.brvm.org/sites/default/files/20210517_-_avis_ndeg076_brvmdg_-_paiement_de_dividendes_-_onatel_bf_0.pdf;data/avis_dividendes/ONTBF.bf/2020_20210517_-_avis_ndeg076_brvmdg_-_paiement_de_dividendes_-_onatel_bf_0.pdf;brvm.org
2026-05-20;BOAB.bj;BANK OF AFRICA BENIN;2020;Passé;2021-05-18;2021-05-20;436,0;;https://www.brvm.org/sites/default/files/20210413_-_avis_ndeg055_brvmdg_-_paiement_de_dividendes_exo_2020_-_boab.pdf;data/avis_dividendes/BOAB.bj/2020_20210413_-_avis_ndeg055_brvmdg_-_paiement_de_dividendes_exo_2020_-_boab.pdf;brvm.org
2026-05-20;SNTS.sn;SONATEL;2020;Passé;2021-05-12;2021-05-17;1225,0;;https://www.brvm.org/sites/default/files/20210430_-_avis_ndeg065_brvmdg_-_paiement_de_dividendes_exo_2020_-_sonatel.pdf;data/avis_dividendes/SNTS.sn/2020_20210430_-_avis_ndeg065_brvmdg_-_paiement_de_dividendes_exo_2020_-_sonatel.pdf;brvm.org
2026-05-20;BOAC.ci;BANK OF AFRICA COTE D'IVOIRE;2020;Passé;2021-05-10;2021-05-12;315,0;;https://www.brvm.org/sites/default/files/20210426_-_avis_ndeg060_brvmdg_-_paiement_de_dividendes_exo_2020_-_boac.pdf;data/avis_dividendes/BOAC.ci/2020_20210426_-_avis_ndeg060_brvmdg_-_paiement_de_dividendes_exo_2020_-_boac.pdf;brvm.org
2026-05-20;BOAN.ne;BANK OF AFRICA NIGER;2020;Passé;2021-05-04;2021-05-06;429,66;;https://www.brvm.org/sites/default/files/20210413_-_avis_ndeg054_brvmdg_-_paiement_de_dividendes_exo_2020_-_boan.pdf;data/avis_dividendes/BOAN.ne/2020_20210413_-_avis_ndeg054_brvmdg_-_paiement_de_dividendes_exo_2020_-_boan.pdf;brvm.org
2026-05-20;ECOC.ci;ECOBANK CI;2020;Passé;2021-05-04;2021-05-06;294,3;;https://www.brvm.org/sites/default/files/20210422_-_avis_ndeg058_brvmdg_-_paiement_de_dividendes_exercice_2020_-_ecobank_ci_0.pdf;data/avis_dividendes/ECOC.ci/2020_20210422_-_avis_ndeg058_brvmdg_-_paiement_de_dividendes_exercice_2020_-_ecobank_ci_0.pdf;brvm.org
2026-05-20;BOABF.bf;BANK OF AFRICA BURKINA FASO;2020;Passé;2021-04-29;2021-05-03;370,0;;https://www.brvm.org/sites/default/files/20210412_-_avis_ndeg051_brvmdg_-_paiement_de_dividendes_exo_2020_-_boabf_0.pdf;data/avis_dividendes/BOABF.bf/2020_20210412_-_avis_ndeg051_brvmdg_-_paiement_de_dividendes_exo_2020_-_boabf_0.pdf;brvm.org
2026-05-20;TTLS.sn;VIVO ENERGY SENEGAL;2019;A préciser;;2020-12-22;105,3;;https://www.brvm.org/sites/default/files/avis_n_165-2020-dcbr-dg-dividende_exercice_2019-total_sn.pdf;data/avis_dividendes/TTLS.sn/2019_avis_n_165-2020-dcbr-dg-dividende_exercice_2019-total_sn.pdf;brvm.org
2026-05-20;SDSC.ci;AFRICA GLOBAL LOGISTICS CI;2019;A préciser;;2020-12-18;100,0;;https://www.brvm.org/sites/default/files/avis_n_163-2020-dcbr-dg-dividende_exercice_2019-bollore_transport_logistics_ci.pdf;data/avis_dividendes/SDSC.ci/2019_avis_n_163-2020-dcbr-dg-dividende_exercice_2019-bollore_transport_logistics_ci.pdf;brvm.org
2026-05-20;SHEC.ci;VIVO ENERGY CI;2019;A préciser;;2020-11-26;63,9;;https://www.brvm.org/sites/default/files/avis_n_152-2020-dcbr-dg-dividende_exercice_2019-_vivo_energy.pdf;data/avis_dividendes/SHEC.ci/2019_avis_n_152-2020-dcbr-dg-dividende_exercice_2019-_vivo_energy.pdf;brvm.org
2026-05-20;SDCC.ci;SODECI;2019;Passé;2020-09-23;2020-09-25;292,5;;https://www.brvm.org/sites/default/files/20200908_-_avis_ndeg159_brvmdg_-_paiement_de_dividendes_exo_2019_-_sodeci_0.pdf;data/avis_dividendes/SDCC.ci/2019_20200908_-_avis_ndeg159_brvmdg_-_paiement_de_dividendes_exo_2019_-_sodeci_0.pdf;brvm.org
2026-05-20;TTLC.ci;VIVO ENERGY CI;2019;A préciser;;2020-09-25;;;https://www.brvm.org/sites/default/files/avis_n_123-2020-dcbr-dg-dividende_exercice_2019-_total_ci.pdf;data/avis_dividendes/TTLC.ci/2019_avis_n_123-2020-dcbr-dg-dividende_exercice_2019-_total_ci.pdf;brvm.org
2026-05-20;PRSC.ci;TRACTAFRIC MOTORS CI;2019;A préciser;;2020-09-01;159,3;;https://www.brvm.org/sites/default/files/avis_n_115-2020-dcbr-dg-dividende_exercice_2019-tractafric_motors_ci.pdf;data/avis_dividendes/PRSC.ci/2019_avis_n_115-2020-dcbr-dg-dividende_exercice_2019-tractafric_motors_ci.pdf;brvm.org
2026-05-20;CFAC.ci;CFAO MOTORS CI;2019;A préciser;;2020-08-25;26,073;;https://www.brvm.org/sites/default/files/avis_n_110-2019-dcbr-dg-dividende_exercice_2019-_cfao_0.pdf;data/avis_dividendes/CFAC.ci/2019_avis_n_110-2019-dcbr-dg-dividende_exercice_2019-_cfao_0.pdf;brvm.org
2026-05-20;FTSC.ci;FILTISAC CI;2019;A préciser;;2020-08-06;125,0;;https://www.brvm.org/sites/default/files/avis_n_106-2020-dcbr-dg-dividende_exercice_2019-filtisac_ci.pdf;data/avis_dividendes/FTSC.ci/2019_avis_n_106-2020-dcbr-dg-dividende_exercice_2019-filtisac_ci.pdf;brvm.org
2026-05-20;CIEC.ci;CIE CI;2019;A préciser;;2020-08-05;104,979;;https://www.brvm.org/sites/default/files/avis_n_097-2020-dcbr-dg-dividende_exercice_2019-cie.pdf;data/avis_dividendes/CIEC.ci/2019_avis_n_097-2020-dcbr-dg-dividende_exercice_2019-cie.pdf;brvm.org
2026-05-20;CABC.ci;SICABLE CI;2019;A préciser;;2020-07-29;75,0;;https://www.brvm.org/sites/default/files/avis_n_098-2020-dcbr-dg-dividende_exercice_2019-sicable.pdf;data/avis_dividendes/CABC.ci/2019_avis_n_098-2020-dcbr-dg-dividende_exercice_2019-sicable.pdf;brvm.org
2026-05-20;SGBC.ci;SGBCI;2019;A préciser;;2020-07-29;273,0;;https://www.brvm.org/sites/default/files/avis_n_095-2020-dcbr-dg-dividende_exercice_2019-sgci.pdf;data/avis_dividendes/SGBC.ci/2019_avis_n_095-2020-dcbr-dg-dividende_exercice_2019-sgci.pdf;brvm.org
2026-05-20;NSBC.ci;NSIA BANQUE CI;2019;A préciser;;2020-07-27;77,68666379;;https://www.brvm.org/sites/default/files/avis_n_096-2020-dcbr-dg-dividende_exercice_2019-nsia_bq.pdf;data/avis_dividendes/NSBC.ci/2019_avis_n_096-2020-dcbr-dg-dividende_exercice_2019-nsia_bq.pdf;brvm.org
2026-05-20;ECOC.ci;ECOBANK CI;2019;A préciser;;2020-07-20;352,8;;https://www.brvm.org/sites/default/files/avis_n_099-2020-dcbr-dg-dividende_exercice_2019-ecobank_ci.pdf;data/avis_dividendes/ECOC.ci/2019_avis_n_099-2020-dcbr-dg-dividende_exercice_2019-ecobank_ci.pdf;brvm.org
2026-05-20;ORGT.tg;ORAGROUP TG;2019;Passé;2020-07-15;2020-07-17;59,52;;https://www.brvm.org/sites/default/files/20200703_-_avis_ndeg115_brvmdg_-_paiement_de_dividendes_exercice_2019_-_oragroup_tg.pdf;data/avis_dividendes/ORGT.tg/2019_20200703_-_avis_ndeg115_brvmdg_-_paiement_de_dividendes_exercice_2019_-_oragroup_tg.pdf;brvm.org
2026-05-20;SOGC.ci;SOGB;2019;A préciser;;2020-07-15;126,0;;https://www.brvm.org/sites/default/files/avis_n_083-2020-dcbr-dg-dividende_exercice_2019-_sogb_ci.pdf;data/avis_dividendes/SOGC.ci/2019_avis_n_083-2020-dcbr-dg-dividende_exercice_2019-_sogb_ci.pdf;brvm.org
2026-05-20;BOAS.sn;BANK OF AFRICA SENEGAL;2019;Passé;2020-06-17;2020-06-19;161,0;;https://www.brvm.org/sites/default/files/20200603_-_avis_ndeg089_brvmdg_-_paiement_de_dividendes_exo_2019_-_boas.pdf;data/avis_dividendes/BOAS.sn/2019_20200603_-_avis_ndeg089_brvmdg_-_paiement_de_dividendes_exo_2019_-_boas.pdf;brvm.org
2026-05-20;SIBC.ci;SOCIETE IVOIRIENNE DE BANQUE CI;2019;A préciser;;2020-06-19;270,0;;https://www.brvm.org/sites/default/files/avis_n_071-2020-dcbr-dg-dividende_exercice_2020-sib.pdf;data/avis_dividendes/SIBC.ci/2019_avis_n_071-2020-dcbr-dg-dividende_exercice_2020-sib.pdf;brvm.org
2026-05-20;BOAC.ci;BANK OF AFRICA COTE D'IVOIRE;2019;Passé;2020-06-11;2020-06-15;315,0;;https://www.brvm.org/sites/default/files/20200526_-_avis_ndeg083_brvmdg_-_paiement_de_dividendes_exo_2019_-_boac.pdf;data/avis_dividendes/BOAC.ci/2019_20200526_-_avis_ndeg083_brvmdg_-_paiement_de_dividendes_exo_2019_-_boac.pdf;brvm.org
2026-05-20;ONTBF.bf;ONATEL BF;2019;Passé;2020-06-08;2020-06-10;387,17;;https://www.brvm.org/sites/default/files/20200526_-_avis_ndeg082_brvmdg_-_paiement_de_dividendes_-_onatel_bf.pdf;data/avis_dividendes/ONTBF.bf/2019_20200526_-_avis_ndeg082_brvmdg_-_paiement_de_dividendes_-_onatel_bf.pdf;brvm.org
2026-05-20;BOAN.ne;BANK OF AFRICA NIGER;2019;Passé;2020-05-18;2020-05-20;429,66;;https://www.brvm.org/sites/default/files/20200421_-_avis_ndeg050_brvmdg_-_paiement_de_dividendes_exo_2019_-_boan.pdf;data/avis_dividendes/BOAN.ne/2019_20200421_-_avis_ndeg050_brvmdg_-_paiement_de_dividendes_exo_2019_-_boan.pdf;brvm.org
2026-05-20;SNTS.sn;SONATEL;2019;Passé;2020-05-18;2020-05-20;1225,0;;https://www.brvm.org/sites/default/files/20200504_-_avis_ndeg061_brvmdg_-_paiement_de_dividendes_exo_2019_-_sonatel.pdf;data/avis_dividendes/SNTS.sn/2019_20200504_-_avis_ndeg061_brvmdg_-_paiement_de_dividendes_exo_2019_-_sonatel.pdf;brvm.org
2026-05-20;BOAB.bj;BANK OF AFRICA BENIN;2019;Passé;2020-05-13;2020-05-15;436,0;;https://www.brvm.org/sites/default/files/avis_ndeg38-2020-_pmnt_des_dividendes_boa_benin_exo_2019.pdf;data/avis_dividendes/BOAB.bj/2019_avis_ndeg38-2020-_pmnt_des_dividendes_boa_benin_exo_2019.pdf;brvm.org
2026-05-20;BOABF.bf;BANK OF AFRICA BURKINA FASO;2019;Passé;2020-04-29;2020-05-04;370,0;;https://www.brvm.org/sites/default/files/avis_ndeg37-2020-_pmnt_des_dividendes_boa_bf_exo_2019.pdf;data/avis_dividendes/BOABF.bf/2019_avis_ndeg37-2020-_pmnt_des_dividendes_boa_bf_exo_2019.pdf;brvm.org
2026-05-20;SDCC.ci;SODECI;2018;Passé;2019-10-25;2019-10-29;270,0;;https://www.brvm.org/sites/default/files/20191015_-_avis_ndeg164_brvmdg_-_paiement_de_dividendes_exo_2018_-_sodeci.pdf;data/avis_dividendes/SDCC.ci/2018_20191015_-_avis_ndeg164_brvmdg_-_paiement_de_dividendes_exo_2018_-_sodeci.pdf;brvm.org
2026-05-20;TTLC.ci;VIVO ENERGY CI;2018;A préciser;;2019-10-11;108,4;;https://www.brvm.org/sites/default/files/avis_n_118-2019-dcbr-dg-dividende_exercice_2018-_total_ci.pdf;data/avis_dividendes/TTLC.ci/2018_avis_n_118-2019-dcbr-dg-dividende_exercice_2018-_total_ci.pdf;brvm.org
2026-05-20;ABJC.ci;SERVAIR ABIDJAN CI;2018;A préciser;;2019-09-30;41,239003;;https://www.brvm.org/sites/default/files/avis_n_117-2019-dcbr-dg-dividende_exercice_2018-servair_abidjan.pdf;data/avis_dividendes/ABJC.ci/2018_avis_n_117-2019-dcbr-dg-dividende_exercice_2018-servair_abidjan.pdf;brvm.org
2026-05-20;PRSC.ci;TRACTAFRIC MOTORS CI;2018;Passé;2019-09-16;2019-09-18;9623,0;;https://www.brvm.org/sites/default/files/20190904_-_avis_ndeg144_brvmdg_-_paiement_de_dividendes_exo_2018_-_tractafric_motors_ci.pdf;data/avis_dividendes/PRSC.ci/2018_20190904_-_avis_ndeg144_brvmdg_-_paiement_de_dividendes_exo_2018_-_tractafric_motors_ci.pdf;brvm.org
2026-05-20;SMBC.ci;SMB CI;2018;A préciser;;2019-08-30;450,0;;https://www.brvm.org/sites/default/files/avis_ndeg112-2019_pmt_dividende_smb_ci_exo_2018.pdf;data/avis_dividendes/SMBC.ci/2018_avis_ndeg112-2019_pmt_dividende_smb_ci_exo_2018.pdf;brvm.org
2026-05-20;CIEC.ci;CIE CI;2018;Passé;2019-08-06;2019-08-09;79,23;;https://www.brvm.org/sites/default/files/20190725_-_avis_ndeg127_brvmdg_-_paiement_de_dividendes_exo_2018_-_cie_ci.pdf;data/avis_dividendes/CIEC.ci/2018_20190725_-_avis_ndeg127_brvmdg_-_paiement_de_dividendes_exo_2018_-_cie_ci.pdf;brvm.org
2026-05-20;SHEC.ci;VIVO ENERGY CI;2018;Passé;2019-07-31;2019-08-02;64,286;;https://www.brvm.org/sites/default/files/20190719_-_avis_ndeg123_brvmdg_-_paiement_de_dividendes_exo_2018_-_vivo_energy_ci.pdf;data/avis_dividendes/SHEC.ci/2018_20190719_-_avis_ndeg123_brvmdg_-_paiement_de_dividendes_exo_2018_-_vivo_energy_ci.pdf;brvm.org
2026-05-20;FTSC.ci;FILTISAC CI;2018;A préciser;;2019-07-31;110,0;;https://www.brvm.org/sites/default/files/avis_n_085-2019-dcbr-dg-dividende_exercice_2018-filtisac.pdf;data/avis_dividendes/FTSC.ci/2018_avis_n_085-2019-dcbr-dg-dividende_exercice_2018-filtisac.pdf;brvm.org
2026-05-20;SGBC.ci;SGBCI;2018;Passé;2019-07-29;2019-07-31;206,0;;https://www.brvm.org/sites/default/files/20190712_-_avis_ndeg117_brvmdg_-_paiement_de_dividendes_exo_2018_-_sg_ci.pdf;data/avis_dividendes/SGBC.ci/2018_20190712_-_avis_ndeg117_brvmdg_-_paiement_de_dividendes_exo_2018_-_sg_ci.pdf;brvm.org
2026-05-20;TTLS.sn;VIVO ENERGY SENEGAL;2018;Passé;2019-07-25;2019-07-29;105,3;;https://www.brvm.org/sites/default/files/20190712_-_avis_ndeg119_brvmdg_-_paiement_de_dividendes_exercice_2018_-_total_sn.pdf;data/avis_dividendes/TTLS.sn/2018_20190712_-_avis_ndeg119_brvmdg_-_paiement_de_dividendes_exercice_2018_-_total_sn.pdf;brvm.org
2026-05-20;CFAC.ci;CFAO MOTORS CI;2018;A préciser;;2019-07-23;31,5;;https://www.brvm.org/sites/default/files/avis_n_097-2019-dcbr-dg-dividende_exercice_2018-_cfao.pdf;data/avis_dividendes/CFAC.ci/2018_avis_n_097-2019-dcbr-dg-dividende_exercice_2018-_cfao.pdf;brvm.org
2026-05-20;BNBC.ci;BERNABE CI;2018;Passé;2019-07-17;2019-07-19;45,0;;https://www.brvm.org/sites/default/files/20190702_-_avis_ndeg109_brvmdg_-_paiement_de_dividendes_exo_2018_-_bernabe_ci.pdf;data/avis_dividendes/BNBC.ci/2018_20190702_-_avis_ndeg109_brvmdg_-_paiement_de_dividendes_exo_2018_-_bernabe_ci.pdf;brvm.org
2026-05-20;BICC.ci;BICICI;2018;A préciser;;2019-07-17;182,9;;https://www.brvm.org/sites/default/files/avis_n_089-2019-dcbr-dg-dividende_exercice_2018-_bicici.pdf;data/avis_dividendes/BICC.ci/2018_avis_n_089-2019-dcbr-dg-dividende_exercice_2018-_bicici.pdf;brvm.org
2026-05-20;SOGC.ci;SOGB;2018;A préciser;;2019-07-16;129,0;;https://www.brvm.org/sites/default/files/avis_n_084-2019-dcbr-dg-dividende_exercice_2018-_sogb.pdf;data/avis_dividendes/SOGC.ci/2018_avis_n_084-2019-dcbr-dg-dividende_exercice_2018-_sogb.pdf;brvm.org
2026-05-20;UNXC.ci;UNIWAX CI;2018;A préciser;;2019-07-11;181,8;;https://www.brvm.org/sites/default/files/avis_n_083-2019-dcbr-dg-dividende_exercice_2018-uniwax.pdf;data/avis_dividendes/UNXC.ci/2018_avis_n_083-2019-dcbr-dg-dividende_exercice_2018-uniwax.pdf;brvm.org
2026-05-20;NSBC.ci;NSIA BANQUE CI;2018;A préciser;;2019-07-09;194,2;;https://www.brvm.org/sites/default/files/avis_n_088-2019-dcbr-dg-dividende_exercice_2018-nsia_bq.pdf;data/avis_dividendes/NSBC.ci/2018_avis_n_088-2019-dcbr-dg-dividende_exercice_2018-nsia_bq.pdf;brvm.org
2026-05-20;SIBC.ci;SOCIETE IVOIRIENNE DE BANQUE CI;2018;A préciser;;2019-07-05;252,0;;;;brvm.org
2026-05-20;ORGT.tg;ORAGROUP TG;2018;A préciser;;2019-07-01;56,73;;https://www.brvm.org/sites/default/files/avis_n_074-2019-dcbr-dg-dividende_exercice_2018-_oragroup.pdf;data/avis_dividendes/ORGT.tg/2018_avis_n_074-2019-dcbr-dg-dividende_exercice_2018-_oragroup.pdf;brvm.org
2026-05-20;SDSC.ci;AFRICA GLOBAL LOGISTICS CI;2018;Passé;2019-06-03;2019-06-06;184,0;;https://www.brvm.org/sites/default/files/20190515_-_avis_ndeg069_brvmdg_-_paiement_de_dividendes_exo_2018_-_bollore_transport_logistics.pdf;data/avis_dividendes/SDSC.ci/2018_20190515_-_avis_ndeg069_brvmdg_-_paiement_de_dividendes_exo_2018_-_bollore_transport_logistics.pdf;brvm.org
2026-05-20;SLBC.ci;SOLIBRA CI;2018;A préciser;;2019-06-06;1368,0;;https://www.brvm.org/sites/default/files/avis_n_055-2019-dcbr-dg-dividende_exercice_2018-solibra_1.pdf;data/avis_dividendes/SLBC.ci/2018_avis_n_055-2019-dcbr-dg-dividende_exercice_2018-solibra_1.pdf;brvm.org
2026-05-20;BOAS.sn;BANK OF AFRICA SENEGAL;2018;A préciser;;2019-06-03;;;https://www.brvm.org/sites/default/files/avis_n_039-2019-dcbr-dg-dividende_exercice_2018-boa_sn.pdf;data/avis_dividendes/BOAS.sn/2018_avis_n_039-2019-dcbr-dg-dividende_exercice_2018-boa_sn.pdf;brvm.org
2026-05-20;CABC.ci;SICABLE CI;2018;A préciser;;2019-06-03;75,0;;https://www.brvm.org/sites/default/files/avis_n_054-2019-dcbr-dg-dividende_exercice_2018-sicable.pdf;data/avis_dividendes/CABC.ci/2018_avis_n_054-2019-dcbr-dg-dividende_exercice_2018-sicable.pdf;brvm.org
2026-05-20;ONTBF.bf;ONATEL BF;2018;A préciser;;2019-06-03;409,38;;https://www.brvm.org/sites/default/files/avis_n_048-2019-dcbr-dg-dividende_exercice_2018-onatel.pdf;data/avis_dividendes/ONTBF.bf/2018_avis_n_048-2019-dcbr-dg-dividende_exercice_2018-onatel.pdf;brvm.org
2026-05-20;BOAN.ne;BANK OF AFRICA NIGER;2018;A préciser;;2019-05-27;385,95;;https://www.brvm.org/sites/default/files/avis_n_033-2019-dcbr-dg-dividende_exercice_2018-boa_niger.pdf;data/avis_dividendes/BOAN.ne/2018_avis_n_033-2019-dcbr-dg-dividende_exercice_2018-boa_niger.pdf;brvm.org
2026-05-20;BOAB.bj;BANK OF AFRICA BENIN;2018;A préciser;;2019-05-22;;;https://www.brvm.org/sites/default/files/avis_n_040-2019-dcbr-dg-dividende_exercice_2018-boa_benin.pdf;data/avis_dividendes/BOAB.bj/2018_avis_n_040-2019-dcbr-dg-dividende_exercice_2018-boa_benin.pdf;brvm.org
2026-05-20;BOAC.ci;BANK OF AFRICA COTE D'IVOIRE;2018;A préciser;;2019-05-20;;;https://www.brvm.org/sites/default/files/avis_n_038-2019-dcbr-dg-dividende_exercice_2018-boa_cote_divoire.pdf;data/avis_dividendes/BOAC.ci/2018_avis_n_038-2019-dcbr-dg-dividende_exercice_2018-boa_cote_divoire.pdf;brvm.org
2026-05-20;BOAM.ml;BANK OF AFRICA MALI;2018;A préciser;;2019-05-15;;;https://www.brvm.org/sites/default/files/avis_n_037-2019-dcbr-dg-dividende_exercice_2018-boa_mali.pdf;data/avis_dividendes/BOAM.ml/2018_avis_n_037-2019-dcbr-dg-dividende_exercice_2018-boa_mali.pdf;brvm.org
2026-05-20;ECOC.ci;ECOBANK CI;2018;A préciser;;2019-05-15;;;https://www.brvm.org/sites/default/files/avis_n_046-2019-dcbr-dg-dividende_exercice_2018-ecobank_ci.pdf;data/avis_dividendes/ECOC.ci/2018_avis_n_046-2019-dcbr-dg-dividende_exercice_2018-ecobank_ci.pdf;brvm.org
2026-05-20;SNTS.sn;SONATEL;2018;A préciser;;2019-05-14;1500,0;;https://www.brvm.org/sites/default/files/avis_n_049-2019-dcbr-dg-dividende_exercice_2018-sonatel.pdf;data/avis_dividendes/SNTS.sn/2018_avis_n_049-2019-dcbr-dg-dividende_exercice_2018-sonatel.pdf;brvm.org
2026-05-20;BOABF.bf;BANK OF AFRICA BURKINA FASO;2018;A préciser;;2019-05-02;366,0;;https://www.brvm.org/sites/default/files/avis_n_032-2019-dcbr-dg-dividende_exercice_2018-boa_bf.pdf;data/avis_dividendes/BOABF.bf/2018_avis_n_032-2019-dcbr-dg-dividende_exercice_2018-boa_bf.pdf;brvm.org
2026-05-20;SCRC.ci;SUCRIVOIRE;2017;A préciser;;2018-09-28;72,0;;https://www.brvm.org/sites/default/files/avis_n_110-2018-dcbr-dg-dividende_exercice_2017-sucrivoire_0.pdf;data/avis_dividendes/SCRC.ci/2017_avis_n_110-2018-dcbr-dg-dividende_exercice_2017-sucrivoire_0.pdf;brvm.org
2026-05-20;TTLC.ci;VIVO ENERGY CI;2017;A préciser;;2018-09-28;103,45;;https://www.brvm.org/sites/default/files/avis_n_113-2018-dcbr-dg-dividende_exercice_2017-_total_ci.pdf;data/avis_dividendes/TTLC.ci/2017_avis_n_113-2018-dcbr-dg-dividende_exercice_2017-_total_ci.pdf;brvm.org
2026-05-20;SPHC.ci;SAPH CI;2017;A préciser;;2018-09-27;;;https://www.brvm.org/sites/default/files/avis_n_112-2018-dcbr-dg-dividende_exercice_2017-saph.pdf;data/avis_dividendes/SPHC.ci/2017_avis_n_112-2018-dcbr-dg-dividende_exercice_2017-saph.pdf;brvm.org
2026-05-20;PALC.ci;PALMCI;2017;Passé;2018-09-20;2018-09-24;253,47;;https://www.brvm.org/sites/default/files/20180910_-_avis_ndeg142_brvmdg_-_paiement_de_dividendes_exo_2017_-_palmci.pdf;data/avis_dividendes/PALC.ci/2017_20180910_-_avis_ndeg142_brvmdg_-_paiement_de_dividendes_exo_2017_-_palmci.pdf;brvm.org
2026-05-20;SDCC.ci;SODECI;2017;Passé;2018-09-20;2018-09-24;253,47;;https://www.brvm.org/sites/default/files/20180910_-_avis_ndeg141_brvmdg_-_paiement_de_dividendes_exo_2017_-_sucrivoire_ci.pdf;data/avis_dividendes/SDCC.ci/2017_20180910_-_avis_ndeg141_brvmdg_-_paiement_de_dividendes_exo_2017_-_sucrivoire_ci.pdf;brvm.org
2026-05-20;PRSC.ci;TRACTAFRIC MOTORS CI;2017;Passé;2018-08-29;2018-08-31;;;https://www.brvm.org/sites/default/files/20180816_-_avis_ndeg132_brvmdg_-_paiement_de_dividendes_exo_2017_-_tractafric_motors_ci.pdf;data/avis_dividendes/PRSC.ci/2017_20180816_-_avis_ndeg132_brvmdg_-_paiement_de_dividendes_exo_2017_-_tractafric_motors_ci.pdf;brvm.org
2026-05-20;SMBC.ci;SMB CI;2017;Passé;2018-08-27;2018-08-29;;;https://www.brvm.org/sites/default/files/20180813_-_avis_ndeg130_brvmdg_-_paiement_de_dividendes_exo_2017_-_smb_ci.pdf;data/avis_dividendes/SMBC.ci/2017_20180813_-_avis_ndeg130_brvmdg_-_paiement_de_dividendes_exo_2017_-_smb_ci.pdf;brvm.org
2026-05-20;FTSC.ci;FILTISAC CI;2017;Passé;2018-08-13;2018-08-16;161,27;;https://www.brvm.org/sites/default/files/20180730_-_avis_ndeg125_brvmdg_-_paiement_de_dividendes_exercice_2017.pdf;data/avis_dividendes/FTSC.ci/2017_20180730_-_avis_ndeg125_brvmdg_-_paiement_de_dividendes_exercice_2017.pdf;brvm.org
2026-05-20;CFAC.ci;CFAO MOTORS CI;2017;A préciser;;2018-07-27;9,9;;https://www.brvm.org/sites/default/files/avis_n_082-2018-dcbr-dg-dividende_exercice_2017-_cfao.pdf;data/avis_dividendes/CFAC.ci/2017_avis_n_082-2018-dcbr-dg-dividende_exercice_2017-_cfao.pdf;brvm.org
2026-05-20;TTLS.sn;VIVO ENERGY SENEGAL;2017;Passé;2018-07-25;2018-07-27;56,25;;https://www.brvm.org/sites/default/files/avis_n_074-2018-dcbr-dg-dividende_exercice_2017-total_sn.pdf;data/avis_dividendes/TTLS.sn/2017_avis_n_074-2018-dcbr-dg-dividende_exercice_2017-total_sn.pdf;brvm.org
2026-05-20;BNBC.ci;BERNABE CI;2017;A préciser;;2018-07-25;63,0;;https://www.brvm.org/sites/default/files/avis_n_073-2018-dcbr-dg-dividende_exercice_2017-bernabe.pdf;data/avis_dividendes/BNBC.ci/2017_avis_n_073-2018-dcbr-dg-dividende_exercice_2017-bernabe.pdf;brvm.org
2026-05-20;SHEC.ci;VIVO ENERGY CI;2017;A préciser;;2018-07-23;42,86;;https://www.brvm.org/sites/default/files/avis_n_081-2018-dcbr-dg-dividende_exercice_2017-_vivo_energy.pdf;data/avis_dividendes/SHEC.ci/2017_avis_n_081-2018-dcbr-dg-dividende_exercice_2017-_vivo_energy.pdf;brvm.org
2026-05-20;SOGC.ci;SOGB;2017;Passé;2018-07-19;2018-07-23;432,0;;https://www.brvm.org/sites/default/files/20180627_-_avis_ndeg100_brvmdg_-_paiement_de_dividendes_exercice_2017_-_sogb_ci.pdf;data/avis_dividendes/SOGC.ci/2017_20180627_-_avis_ndeg100_brvmdg_-_paiement_de_dividendes_exercice_2017_-_sogb_ci.pdf;brvm.org
2026-05-20;CIEC.ci;CIE CI;2017;Passé;2018-07-17;2018-07-20;31,95;;https://www.brvm.org/sites/default/files/avis_n_072-2018-dcbr-dg-dividende_exercice_2017-cie.pdf;data/avis_dividendes/CIEC.ci/2017_avis_n_072-2018-dcbr-dg-dividende_exercice_2017-cie.pdf;brvm.org
2026-05-20;SGBC.ci;SGBCI;2017;A préciser;;2018-07-17;585,0;;https://www.brvm.org/sites/default/files/avis_n_071-2018-dcbr-dg-dividende_exercice_2017-sgbci.pdf;data/avis_dividendes/SGBC.ci/2017_avis_n_071-2018-dcbr-dg-dividende_exercice_2017-sgbci.pdf;brvm.org
2026-05-20;UNXC.ci;UNIWAX CI;2017;A préciser;;2018-07-13;173,7;;https://www.brvm.org/sites/default/files/avis_n_070-2018-dcbr-dg-dividende_exercice_2017-uniwax.pdf;data/avis_dividendes/UNXC.ci/2017_avis_n_070-2018-dcbr-dg-dividende_exercice_2017-uniwax.pdf;brvm.org
2026-05-20;BICC.ci;BICICI;2017;Passé;2018-06-28;2018-07-02;213,56;;https://www.brvm.org/sites/default/files/20180618_-_avis_ndeg092_brvmdg_-_paiement_de_dividendes_exo_2017_.pdf;data/avis_dividendes/BICC.ci/2017_20180618_-_avis_ndeg092_brvmdg_-_paiement_de_dividendes_exo_2017_.pdf;brvm.org
2026-05-20;NSBC.ci;NSIA BANQUE CI;2017;A préciser;;2018-06-25;466,1;;https://www.brvm.org/sites/default/files/avis_n_055-2018-dcbr-dg-dividende_exercice_2017-nsia_bq.pdf;data/avis_dividendes/NSBC.ci/2017_avis_n_055-2018-dcbr-dg-dividende_exercice_2017-nsia_bq.pdf;brvm.org
2026-05-20;ECOC.ci;ECOBANK CI;2017;A préciser;;2018-06-22;1844,0;;https://www.brvm.org/sites/default/files/avis_n_060-2018-dcbr-dg-dividende_exercice_2017-ecobank_ci.pdf;data/avis_dividendes/ECOC.ci/2017_avis_n_060-2018-dcbr-dg-dividende_exercice_2017-ecobank_ci.pdf;brvm.org
2026-05-20;ABJC.ci;SERVAIR ABIDJAN CI;2017;A préciser;;2018-06-20;98,97;;https://www.brvm.org/sites/default/files/20180615_-_avis_n_054-2018-dcbr-dg-dividende_exercice_2017-servair_abidjan.pdf;data/avis_dividendes/ABJC.ci/2017_20180615_-_avis_n_054-2018-dcbr-dg-dividende_exercice_2017-servair_abidjan.pdf;brvm.org
2026-05-20;SLBC.ci;SOLIBRA CI;2017;Passé;2018-06-14;2018-06-14;2322,0;;https://www.brvm.org/sites/default/files/20180529_-_avis_ndeg078_brvmdg_-_paiement_de_dividendes_exo_2017_-_solibra_ci.pdf;data/avis_dividendes/SLBC.ci/2017_20180529_-_avis_ndeg078_brvmdg_-_paiement_de_dividendes_exo_2017_-_solibra_ci.pdf;brvm.org
2026-05-20;SIBC.ci;SOCIETE IVOIRIENNE DE BANQUE CI;2017;Passé;2018-06-06;2018-06-08;945,0;;https://www.brvm.org/sites/default/files/avis_n_045-2018-dcbr-dg-dividende_exercice_2017-sib.pdf;data/avis_dividendes/SIBC.ci/2017_avis_n_045-2018-dcbr-dg-dividende_exercice_2017-sib.pdf;brvm.org
2026-05-20;BOAC.ci;BANK OF AFRICA COTE D'IVOIRE;2017;A préciser;;2018-06-06;295,0;;https://www.brvm.org/sites/default/files/avis_n_047-2018-dcbr-dg-dividende_exercice_2017-boa_cote_divoire.pdf;data/avis_dividendes/BOAC.ci/2017_avis_n_047-2018-dcbr-dg-dividende_exercice_2017-boa_cote_divoire.pdf;brvm.org
2026-05-20;ONTBF.bf;ONATEL BF;2017;A préciser;;2018-06-06;727,9125;;https://www.brvm.org/sites/default/files/20180524_-_avis_n_044-2018-dcbr-dg-dividende_exercice_2017-onatel.pdf;data/avis_dividendes/ONTBF.bf/2017_20180524_-_avis_n_044-2018-dcbr-dg-dividende_exercice_2017-onatel.pdf;brvm.org
2026-05-20;BOAM.ml;BANK OF AFRICA MALI;2017;Passé;2018-05-29;2018-05-31;290,0;;https://www.brvm.org/sites/default/files/20180516_-_avis_ndeg068_brvmdg_-_paiement_de_dividendes_exo_2017_-_boam.pdf;data/avis_dividendes/BOAM.ml/2017_20180516_-_avis_ndeg068_brvmdg_-_paiement_de_dividendes_exo_2017_-_boam.pdf;brvm.org
2026-05-20;BOAN.ne;BANK OF AFRICA NIGER;2017;Passé;2018-05-29;2018-05-31;379,44;;https://www.brvm.org/sites/default/files/20180516_-_avis_ndeg069_brvmdg_-_paiement_de_dividendes_exo_2017_-_boan.pdf;data/avis_dividendes/BOAN.ne/2017_20180516_-_avis_ndeg069_brvmdg_-_paiement_de_dividendes_exo_2017_-_boan.pdf;brvm.org
2026-05-20;CABC.ci;SICABLE CI;2017;Passé;2018-05-29;2018-05-31;100,0;;https://www.brvm.org/sites/default/files/20180516_-_avis_ndeg067_brvmdg_-_paiement_de_dividendes_exo_2017_-_sicable_ci_.pdf;data/avis_dividendes/CABC.ci/2017_20180516_-_avis_ndeg067_brvmdg_-_paiement_de_dividendes_exo_2017_-_sicable_ci_.pdf;brvm.org
2026-05-20;BOAB.bj;BANK OF AFRICA BENIN;2017;A préciser;;2018-05-15;407,0;;https://www.brvm.org/sites/default/files/avis_n_033-2018-dcbr-dg-dividende_exercice_2017-boa_benin.pdf;data/avis_dividendes/BOAB.bj/2017_avis_n_033-2018-dcbr-dg-dividende_exercice_2017-boa_benin.pdf;brvm.org
2026-05-20;BOABF.bf;BANK OF AFRICA BURKINA FASO;2017;A préciser;;2018-05-07;358,0;;https://www.brvm.org/sites/default/files/avis_n_032-2018-dcbr-dg-dividende_exercice_2017-boa_bf.pdf;data/avis_dividendes/BOABF.bf/2017_avis_n_032-2018-dcbr-dg-dividende_exercice_2017-boa_bf.pdf;brvm.org
2026-05-20;BOAS.sn;BANK OF AFRICA SENEGAL;2017;A préciser;;2018-05-02;160,0;;https://www.brvm.org/sites/default/files/avis_n_031-2018-dcbr-dg-dividende_exercice_2017-boa_sn.pdf;data/avis_dividendes/BOAS.sn/2017_avis_n_031-2018-dcbr-dg-dividende_exercice_2017-boa_sn.pdf;brvm.org
2026-05-20;FTSC.ci;FILTISAC CI;2016;A préciser;;2018-01-09;1200,0;;https://www.brvm.org/sites/default/files/20180109-_avis_ndeg006-2018-dc-br-dg_-_paiement_de_dividendes_complementaires_exercice_2016-_filtisac_ci.pdf;data/avis_dividendes/FTSC.ci/2016_20180109-_avis_ndeg006-2018-dc-br-dg_-_paiement_de_dividendes_complementaires_exercice_2016-_filtisac_ci.pdf;brvm.org
2026-05-20;PALC.ci;PALMCI;2016;A préciser;;2017-09-29;240,6;;https://www.brvm.org/sites/default/files/201709-18-avis_n_085-2017-dcbr-dg-dividende_exercice_2016-palmci.pdf;data/avis_dividendes/PALC.ci/2016_201709-18-avis_n_085-2017-dcbr-dg-dividende_exercice_2016-palmci.pdf;brvm.org
2026-05-20;SCRC.ci;SUCRIVOIRE;2016;A préciser;;2017-09-29;549,0;;https://www.brvm.org/sites/default/files/avis_n_090-2017-dcbr-dg-dividende_exercice_2016-sucrivoire.pdf;data/avis_dividendes/SCRC.ci/2016_avis_n_090-2017-dcbr-dg-dividende_exercice_2016-sucrivoire.pdf;brvm.org
2026-05-20;SEMC.ci;CROWN SIEM CI;2016;A préciser;;2017-09-29;676,8;;https://www.brvm.org/sites/default/files/avis_n_093-2017-dcbr-dg-dividende_exercice_2016-crown_siem.pdf;data/avis_dividendes/SEMC.ci/2016_avis_n_093-2017-dcbr-dg-dividende_exercice_2016-crown_siem.pdf;brvm.org
2026-05-20;SIVC.ci;AIR LIQUIDE CI;2016;A préciser;;2017-09-29;630,0;;https://www.brvm.org/sites/default/files/20170918-avis_n_086-2017-dcbr-dg-dividende_exercice_2016-air_liquide.pdf;data/avis_dividendes/SIVC.ci/2016_20170918-avis_n_086-2017-dcbr-dg-dividende_exercice_2016-air_liquide.pdf;brvm.org
2026-05-20;SDCC.ci;SODECI;2016;A préciser;;2017-09-28;2700,0;;https://www.brvm.org/sites/default/files/20170918-avis_n_084-2017-dcbr-dg-dividende_exercice_2016-sodeci.pdf;data/avis_dividendes/SDCC.ci/2016_20170918-avis_n_084-2017-dcbr-dg-dividende_exercice_2016-sodeci.pdf;brvm.org
2026-05-20;PRSC.ci;TRACTAFRIC MOTORS CI;2016;Passé;2017-09-21;2017-09-25;;;https://www.brvm.org/sites/default/files/20170911_-_avis_ndeg166_brvmdg_-_paiement_de_dividendes_exo_2016_-_tractafric_motors_ci.pdf;data/avis_dividendes/PRSC.ci/2016_20170911_-_avis_ndeg166_brvmdg_-_paiement_de_dividendes_exo_2016_-_tractafric_motors_ci.pdf;brvm.org
2026-05-20;CIEC.ci;CIE CI;2016;A préciser;;2017-09-20;3465,0;;https://www.brvm.org/sites/default/files/20170904_-_avis_ndeg161_brvmdg_-_paiement_de_dividende_-_cie_ci.pdf;data/avis_dividendes/CIEC.ci/2016_20170904_-_avis_ndeg161_brvmdg_-_paiement_de_dividende_-_cie_ci.pdf;brvm.org
2026-05-20;SOGC.ci;SOGB;2016;A préciser;;2017-07-31;3204,0;;https://www.brvm.org/sites/default/files/20170719-avis_n_071-2017-dcbr-dg-dividende_exercice_2016-_sogb.pdf;data/avis_dividendes/SOGC.ci/2016_20170719-avis_n_071-2017-dcbr-dg-dividende_exercice_2016-_sogb.pdf;brvm.org
2026-05-20;SHEC.ci;VIVO ENERGY CI;2016;A préciser;;2017-07-27;33,3;;https://www.brvm.org/sites/default/files/20170721-avis_n_069-2017-dcbr-dg-dividende_exercice_2016-_vivo_energy.pdf;data/avis_dividendes/SHEC.ci/2016_20170721-avis_n_069-2017-dcbr-dg-dividende_exercice_2016-_vivo_energy.pdf;brvm.org
2026-05-20;TTLS.sn;VIVO ENERGY SENEGAL;2016;A préciser;;2017-07-25;450,0;;https://www.brvm.org/sites/default/files/20170719-avis_n_067-2017-dcbr-dg-dividende_exercice_2016-total_sn.pdf;data/avis_dividendes/TTLS.sn/2016_20170719-avis_n_067-2017-dcbr-dg-dividende_exercice_2016-total_sn.pdf;brvm.org
2026-05-20;ABJC.ci;SERVAIR ABIDJAN CI;2016;A préciser;;2017-07-24;49,5;;https://www.brvm.org/sites/default/files/20170721-avis_n_073-2017-dcbr-dg-dividende_exercice_2016-servair_abidjan.pdf;data/avis_dividendes/ABJC.ci/2016_20170721-avis_n_073-2017-dcbr-dg-dividende_exercice_2016-servair_abidjan.pdf;brvm.org
2026-05-20;BICC.ci;BICICI;2016;A préciser;;2017-07-24;2771,41;;https://www.brvm.org/sites/default/files/20170719-avis_n_068-2017-dcbr-dg-dividende_exercice_2016-_bicici.pdf;data/avis_dividendes/BICC.ci/2016_20170719-avis_n_068-2017-dcbr-dg-dividende_exercice_2016-_bicici.pdf;brvm.org
2026-05-20;CFAC.ci;CFAO MOTORS CI;2016;A préciser;;2017-07-24;2032,0;;https://www.brvm.org/sites/default/files/20170719-avis_n_070-2017-dcbr-dg-dividende_exercice_2016-_cfao.pdf;data/avis_dividendes/CFAC.ci/2016_20170719-avis_n_070-2017-dcbr-dg-dividende_exercice_2016-_cfao.pdf;brvm.org
2026-05-20;SDSC.ci;AFRICA GLOBAL LOGISTICS CI;2016;A préciser;;2017-07-13;8977,0;;https://www.brvm.org/sites/default/files/20170630-avis_ndeg_058-2017-dcbr-dg-paiement_de_dividendes_exercice_2016-bollore_ci.pdf;data/avis_dividendes/SDSC.ci/2016_20170630-avis_ndeg_058-2017-dcbr-dg-paiement_de_dividendes_exercice_2016-bollore_ci.pdf;brvm.org
2026-05-20;BNBC.ci;BERNABE CI;2016;A préciser;;2017-07-11;3252,0;;https://www.brvm.org/sites/default/files/20170706-avis_n_064-2017-dcbr-dg-dividende_exercice_2016-bernabe.pdf;data/avis_dividendes/BNBC.ci/2016_20170706-avis_n_064-2017-dcbr-dg-dividende_exercice_2016-bernabe.pdf;brvm.org
2026-05-20;UNXC.ci;UNIWAX CI;2016;A préciser;;2017-07-10;868,5;;https://www.brvm.org/sites/default/files/avis_n_061-2017-dcbr-dg-dividende_exercice_2016-uniwax.pdf;data/avis_dividendes/UNXC.ci/2016_avis_n_061-2017-dcbr-dg-dividende_exercice_2016-uniwax.pdf;brvm.org
2026-05-20;SGBC.ci;SGBCI;2016;A préciser;;2017-07-04;5837,0;;https://www.brvm.org/sites/default/files/avis_n_054-2017-dcbr-dg-paiement_de_dividendes_exercie_2016-sgbci.pdf;data/avis_dividendes/SGBC.ci/2016_avis_n_054-2017-dcbr-dg-paiement_de_dividendes_exercie_2016-sgbci.pdf;brvm.org
2026-05-20;CABC.ci;SICABLE CI;2016;Passé;2017-06-28;2017-06-30;2000,0;;https://www.brvm.org/sites/default/files/20170614_-_avis_ndeg079_brvmdg_-_paiement_de_dividendes_exo_2016_-_sicable_ci.pdf;data/avis_dividendes/CABC.ci/2016_20170614_-_avis_ndeg079_brvmdg_-_paiement_de_dividendes_exo_2016_-_sicable_ci.pdf;brvm.org
2026-05-20;TTLC.ci;VIVO ENERGY CI;2016;Passé;2017-06-28;2017-06-30;485,0;;https://www.brvm.org/sites/default/files/20170614_-_avis_ndeg080_brvmdg_-_paiement_de_dividendes_exo_2016_-_total_ci.pdf;data/avis_dividendes/TTLC.ci/2016_20170614_-_avis_ndeg080_brvmdg_-_paiement_de_dividendes_exo_2016_-_total_ci.pdf;brvm.org
2026-05-20;STBC.ci;SITAB CI;2016;Passé;2017-06-15;2017-06-19;4124,0;;https://www.brvm.org/sites/default/files/20170602_-_avis_ndeg065_brvmdg_-_paiement_de_dividendes_exo_2016_-_sitab_ci_0.pdf;data/avis_dividendes/STBC.ci/2016_20170602_-_avis_ndeg065_brvmdg_-_paiement_de_dividendes_exo_2016_-_sitab_ci_0.pdf;brvm.org
2026-05-20;SIBC.ci;SOCIETE IVOIRIENNE DE BANQUE CI;2016;A préciser;;2017-06-09;855,0;;https://www.brvm.org/sites/default/files/20170606-avis_n_044-2017-dcbr-dg-dividende_exercice_2016-sib_ci.pdf;data/avis_dividendes/SIBC.ci/2016_20170606-avis_n_044-2017-dcbr-dg-dividende_exercice_2016-sib_ci.pdf;brvm.org
2026-05-20;SLBC.ci;SOLIBRA CI;2016;Passé;2017-06-06;2017-06-08;4101,0;;https://www.brvm.org/sites/default/files/20170529-avis_n_040-2017-dcbr-dg-dividende_exercice_2016-solibra_ci.pdf;data/avis_dividendes/SLBC.ci/2016_20170529-avis_n_040-2017-dcbr-dg-dividende_exercice_2016-solibra_ci.pdf;brvm.org
2026-05-20;ONTBF.bf;ONATEL BF;2016;A préciser;;2017-06-01;619,0625;;https://www.brvm.org/sites/default/files/avis_n_041-2017-dcbr-dg-dividende_exercice_2016-onatel.pdf;data/avis_dividendes/ONTBF.bf/2016_avis_n_041-2017-dcbr-dg-dividende_exercice_2016-onatel.pdf;brvm.org
2026-05-20;BOAN.ne;BANK OF AFRICA NIGER;2016;Passé;2017-05-16;2017-05-19;4910,0;;https://www.brvm.org/sites/default/files/20170504_-_avis_ndeg043_brvmdg_-_paiement_de_dividendes_exo_2016_-_boan.pdf;data/avis_dividendes/BOAN.ne/2016_20170504_-_avis_ndeg043_brvmdg_-_paiement_de_dividendes_exo_2016_-_boan.pdf;brvm.org
2026-05-20;BOAS.sn;BANK OF AFRICA SENEGAL;2016;Passé;2017-05-12;2017-05-15;1000,0;;https://www.brvm.org/sites/default/files/avis_n_024-2017-dcbr-dg-dividende_exercice_2016-boa_senegal.pdf;data/avis_dividendes/BOAS.sn/2016_avis_n_024-2017-dcbr-dg-dividende_exercice_2016-boa_senegal.pdf;brvm.org
2026-05-20;BOAC.ci;BANK OF AFRICA COTE D'IVOIRE;2016;Passé;2017-05-05;2017-05-08;5480,0;;https://www.brvm.org/sites/default/files/avis_n_023-2017-dcbr-dg-dividende_exercice_2016-boa_cote_divoire.pdf;data/avis_dividendes/BOAC.ci/2016_avis_n_023-2017-dcbr-dg-dividende_exercice_2016-boa_cote_divoire.pdf;brvm.org
2026-05-20;BOABF.bf;BANK OF AFRICA BURKINA FASO;2016;Passé;2017-04-30;2017-05-04;6930,0;;https://www.brvm.org/sites/default/files/avis_n_025-2017-dcbr-dg-dividende_exercice_2016-boa_burkina_faso.pdf;data/avis_dividendes/BOABF.bf/2016_avis_n_025-2017-dcbr-dg-dividende_exercice_2016-boa_burkina_faso.pdf;brvm.org
2026-05-20;BOAM.ml;BANK OF AFRICA MALI;2016;Passé;2017-04-28;2017-05-02;2790,0;;https://www.brvm.org/sites/default/files/avis_n_022-2017-dcbr-dg-dividende_exercice_2016-boa_mali.pdf;data/avis_dividendes/BOAM.ml/2016_avis_n_022-2017-dcbr-dg-dividende_exercice_2016-boa_mali.pdf;brvm.org
2026-05-20;ETIT.tg;ECOBANK TRANSNATIONAL INC TG;2016;Passé;2017-04-28;2017-04-28;1,208;;https://www.brvm.org/sites/default/files/avis_n_026-2017-dcbr-dg-dividende_exercice_2015-ecobank_transnational_incorporated.pdf;data/avis_dividendes/ETIT.tg/2016_avis_n_026-2017-dcbr-dg-dividende_exercice_2015-ecobank_transnational_incorporated.pdf;brvm.org
2026-05-20;CIEC.ci;CIE CI;2015;Passé;2016-09-13;2016-09-15;2641,0;;https://www.brvm.org/sites/default/files/20160714_-_avis_ndeg063-2016-_dcbr-dg-pmt_de_dividendes_cie_ci.pdf;data/avis_dividendes/CIEC.ci/2015_20160714_-_avis_ndeg063-2016-_dcbr-dg-pmt_de_dividendes_cie_ci.pdf;brvm.org
2026-05-20;TTLC.ci;VIVO ENERGY CI;2015;Passé;2016-07-29;2016-08-02;450,0;;;;brvm.org
2026-05-20;BOAS.sn;BANK OF AFRICA SENEGAL;2015;Passé;2016-07-28;2016-08-01;750,0;;;;brvm.org
2026-05-20;CFAC.ci;CFAO MOTORS CI;2015;Passé;2016-07-27;2016-07-29;2297,7;;;;brvm.org
2026-05-20;CABC.ci;SICABLE CI;2015;Passé;2016-07-26;2016-07-28;1200,0;;;;brvm.org
2026-05-20;SHEC.ci;VIVO ENERGY CI;2015;Passé;2016-07-25;2016-07-27;1665,0;;;;brvm.org
2026-05-20;SOGC.ci;SOGB;2015;Passé;2016-07-21;2016-07-25;1710,0;;;;brvm.org
2026-05-20;BICC.ci;BICICI;2015;Passé;2016-07-18;2016-07-20;4231,5;;;;brvm.org
2026-05-20;TTLS.sn;VIVO ENERGY SENEGAL;2015;Passé;2016-07-13;2016-07-15;935,0;;;;brvm.org
2026-05-20;BNBC.ci;BERNABE CI;2015;Passé;2016-07-06;2016-07-08;5500,0;;;;brvm.org
2026-05-20;PRSC.ci;TRACTAFRIC MOTORS CI;2015;Passé;2016-05-01;2016-07-05;13050,0;;;;brvm.org
2026-05-20;FTSC.ci;FILTISAC CI;2015;Passé;2016-06-28;2016-06-30;1045,0;;;;brvm.org
2026-05-20;SDSC.ci;AFRICA GLOBAL LOGISTICS CI;2015;Passé;2016-06-24;2016-06-28;9581,0;;;;brvm.org
2026-05-20;SGBC.ci;SGBCI;2015;Passé;2016-04-24;2016-06-28;5228,0;;;;brvm.org
2026-05-20;ABJC.ci;SERVAIR ABIDJAN CI;2015;Passé;2016-06-14;2016-06-16;1800,0;;;;brvm.org
2026-05-20;STBC.ci;SITAB CI;2015;Passé;2016-06-07;2016-06-09;8150,0;;;;brvm.org
